pcd7,pcd8,pcds,dointr,doterm,usrtypind,east1m,north1m,gridind,oa21cd,cty25cd,ced25cd,lad25cd,wd25cd,nhser24cd,ctry25cd,rgn25cd,pcon24cd,ttwa15cd,itl25cd,npark16cd,lsoa21cd,msoa21cd,wz11cd,sicbl26cd,bua24cd,ruc21ind,oac11ind,lat,long,lep21cd1,lep21cd2,pfa23cd,imd20ind,icb26cd,ttwa_name
HP4 2TF,HP4  2TF,HP4 2TF,199002,199112,1,502100,209200,8,E00118663,E10000015,E58000610,E07000096,E05004695,E40000013,E92000001,E12000006,E14001268,E30000237,E07000096,E65000001,E01023355,E02004861,E33027108,E38000079,E63011530,RSN1,5B3,51.77218,-0.521643,E37000048,,E23000027,29748,E54000065,Luton
SE6 2NH,SE6  2NH,SE6 2NH,199002,199212,1,537700,173000,8,E00016782,E13000001,E99999999,E09000023,E05013730,E40000003,E92000001,E12000007,E14001331,E30000234,E09000023,E65000001,E01003318,E02000672,E33035301,E38000244,E63012161,UN1,3A2,51.439266,-0.020181,E37000051,,E23000001,2640,E54000030,London
L65 4HD,L65  4HD,L65 4HD,198001,199906,1,343800,375800,8,E00188916,E99999999,E99999999,E06000050,E05012253,E40000014,E92000001,E12000002,E14001222,K01000011,E06000050,E65000001,E01018552,E02003849,E33007522,E38000233,E63008655,UN1,8C3,53.276204,-2.844258,E37000003,,E23000006,8400,E54000008,Chester
OL102NH,OL10 2NH,OL10 2NH,198001,,0,386275,409372,1,E00027879,E11000001,E99999999,E08000005,E05014039,E40000014,E92000001,E12000002,E14001286,E30000239,E08000005,E65000001,E01005508,E02001151,E33005360,E38000080,E63008209,UN1,6B4,53.580774,-2.208771,E37000015,,E23000005,25558,E54000057,Manchester
CB9 9EJ,CB9  9EJ,CB9 9EJ,198704,,0,565979,246213,1,E00153542,E10000029,E58001760,E07000245,E05012779,E40000013,E92000001,E12000006,E14001578,E30000186,E07000245,E65000001,E01030118,E02006285,E33028577,E38000204,E63010824,UF1,8C1,52.089389,0.421286,E37000052,,E23000025,11884,E54000068,Cambridge
LS196JP,LS19 6JP,LS19 6JP,198001,,0,422114,438210,1,E00057712,E11000006,E99999999,E08000035,E05011547,E40000012,E92000001,E12000003,E14001322,E30000229,E08000035,E65000001,E01011458,E02002356,E33012237,E38000225,E63007823,UN1,6B4,53.839688,-1.665424,E37000062,,E23000010,31253,E54000054,Leeds
PO7 7GA,PO7  7GA,PO7 7GA,201407,,0,467172,110298,1,E00184984,E10000014,E58000598,E07000094,E05011000,E40000005,E92000001,E12000008,E14001233,E30000254,E07000094,E65000001,E01023232,E02004842,E33042685,E38000266,E63013621,UN1,5B3,50.888264,-1.046384,E37000046,,E23000030,23227,E54000067,Portsmouth
DL1 1BW,DL1  1BW,DL1 1BW,198001,,0,431235,514321,1,E00062258,E99999999,E99999999,E06000005,E05010428,E40000012,E92000001,E12000001,E14001190,E30000199,E06000005,E65000001,E01035184,E02002567,E33001714,E38000247,E63007428,UN1,8A2,54.523233,-1.518952,E37000034,,E23000008,16777,E54000050,Darlington
WS112ZH,WS11 2ZH,WS11 2ZH,199806,200101,1,398844,311458,6,E00149551,E10000028,E58001810,E07000192,E05015743,E40000011,E92000001,E12000005,E14001150,E30000288,E07000192,E65000001,E01029352,E02006125,E33021980,E38000028,E63009591,UN1,8C1,52.700811,-2.018539,E37000012,E37000032,E23000015,15163,E54000010,Wolverhampton and Walsall
SG137XY,SG13 7XY,SG13 7XY,200606,200607,1,532987,212543,1,E00119256,E10000015,E58000639,E07000242,E05015365,E40000013,E92000001,E12000006,E14001283,E30000186,E07000242,E65000001,E01023477,E02004894,E33024201,E38000049,E63011465,UN1,5A3,51.79574,-0.072952,E37000048,,E23000027,27352,E54000065,Cambridge
YO258SY,YO25 8SY,YO25 8SY,198001,,0,518006,453069,1,E00065540,E99999999,E99999999,E06000011,E05001695,E40000012,E92000001,E12000003,E14001127,E30000177,E06000011,E65000001,E01012986,E02002693,E33012894,E38000052,E63007702,RSF1,1B3,53.960273,-0.202917,E37000061,,E23000012,12108,E54000051,Bridlington
GL115QY,GL11 5QY,GL11 5QY,198001,,0,374987,199982,1,E00113669,E10000013,E58001996,E07000082,E05010972,E40000006,E92000001,E12000009,E14001529,E30000180,E07000082,E65000001,E01022361,E02004661,E33049996,E38000062,E63011717,UN1,5A1,51.698025,-2.36331,E37000011,,E23000037,15242,E54000043,Bristol
IV1 1TT,IV1  1TT,IV1 1TT,200201,200203,1,266758,845637,1,S00163179,S99999999,S99999999,S12000017,S13003003,S99999999,S92000003,S99999999,S14000094,S22000068,S30000055,S99999999,S01017789,S02003299,S34001821,S03000044,,2,2C2,57.481316,-4.223949,S99999999,S99999999,S23000009,458,S99999999,Inverness
CB4 2BE,CB4  2BE,CB4 2BE,198001,,0,545528,259962,1,E00090829,E10000003,E58000060,E07000008,E05013063,E40000013,E92000001,E12000006,E14001149,E30000186,E07000008,E65000001,E01018007,E02003722,E33025801,E38000260,E63010556,UN1,5B1,52.218665,0.1289,E37000059,,E23000023,29935,E54000065,Cambridge
SP5 3FD,SP5  3FD,SP5 3FD,200704,,0,418093,120943,1,E00163165,E99999999,E99999999,E06000054,E05013432,E40000006,E92000001,E12000009,E14001460,E30000258,E06000054,E65000001,E01031993,E02006677,E33050720,E38000231,E63013368,RLF1,8C1,50.9876,-1.743594,E37000033,,E23000038,22309,E54000040,Salisbury
DA184BQ,DA18 4BQ,DA18 4BQ,198001,,0,548133,179534,1,E00002299,E13000002,E99999999,E09000004,E05011232,E40000003,E92000001,E12000007,E14001229,E30000234,E09000004,E65000001,E01000465,E02000066,E33032484,E38000244,E63012138,UN1,3C1,51.495347,0.132556,E37000051,,E23000001,8670,E54000030,London
EN4 9XG,EN4  9XG,EN4 9XG,200307,200806,1,526643,195410,1,E00001343,E13000002,E99999999,E09000003,E05013628,E40000003,E92000001,E12000007,E14001169,E30000234,E09000003,E65000001,E01000267,E02000028,E33032284,E38000240,E63011868,UN1,4C3,51.643241,-0.171119,E37000051,,E23000001,21327,E54000071,London
KA1 9HQ,KA1  9HQ,KA1 9HQ,202507,202602,1,243014,636774,1,S00149132,S99999999,S99999999,S12000008,S13002896,S99999999,S92000003,S99999999,S14000110,S22000069,S30000017,S99999999,S01015657,S02002899,S34000947,S03000001,,2,8C3,55.599195,-4.493128,S99999999,S99999999,S23000009,1543,S99999999,Kilmarnock and Irvine
BH121EG,BH12 1EG,BH12 1EG,198001,,0,406775,92031,1,E00077798,E99999999,E99999999,E06000058,E05012677,E40000006,E92000001,E12000009,E14001116,E30000175,E06000058,E65000001,E01015386,E02003202,E33048204,E38000045,E63013860,UN1,2C1,50.727849,-1.905367,E37000009,,E23000039,9710,E54000041,Bournemouth
CF6 7BU,CF6  7BU,CF6 7BU,198001,199212,0,312600,168900,8,W00005708,W99999999,W99999999,W06000014,W05001384,W99999999,W92000004,W99999999,W07000110,W22000024,W06000014,W31000001,W01001079,W02000248,W35001978,W11000029,W45001235,UF1,8D2,51.412359,-3.258111,W99999999,W99999999,W15000003,388,W99999999,Cardiff
PR6 9JA,PR6  9JA,PR6 9JA,199507,199812,1,360590,414436,6,E00126751,E10000017,E58000763,E07000118,E05013070,E40000014,E92000001,E12000002,E14001170,E30000255,E07000118,E65000001,E01024973,E02005202,E33008225,E38000034,E63999999,RSN1,1C3,53.624981,-2.597339,E37000019,,E23000003,23122,E54000048,Preston
AB116XJ,AB11 6XJ,AB11 6XJ,199606,,0,393264,805464,1,S00136639,S99999999,S99999999,S12000033,S13002846,S99999999,S92000003,S99999999,S14000061,S22000047,S30000026,S99999999,S01013562,S02002529,S34003108,S03000012,,1,2B1,57.14001,-2.112942,S99999999,S99999999,S23000009,5250,S99999999,Aberdeen
SR8 5DB,SR8  5DB,SR8 5DB,198001,,0,443141,541005,1,E00105334,E99999999,E99999999,E06000047,E05016179,E40000012,E92000001,E12000001,E14001211,E30000275,E06000047,E65000001,E01020758,E02004325,E33001888,E38000234,E63007291,UN1,8C3,54.762145,-1.331102,E37000025,,E23000008,615,E54000050,Sunderland
AB219YG,AB21 9YG,AB21 9YG,199706,199812,1,389175,809759,6,S00135566,S99999999,S99999999,S12000033,S13002835,S99999999,S92000003,S99999999,S14000060,S22000047,S30000026,S99999999,S01013733,S02002558,S34003005,S03000012,,1,5B3,57.178514,-2.180691,S99999999,S99999999,S23000009,2530,S99999999,Aberdeen
YO5 8QU,YO5  8QU,YO5 8QU,198402,199712,0,446300,452600,8,E00140992,E99999999,E99999999,E06000065,E05014323,E40000012,E92000001,E12000003,E14001582,E30000294,E06000065,E65000001,E01027683,E02005776,E33010228,E38000241,E63007705,RLN1,1A2,53.967428,-1.295725,E37000058,,E23000009,32706,E54000051,York
BA4 6HP,BA4  6HP,BA4 6HP,200604,,0,368985,138955,1,E00147988,E99999999,E99999999,E06000066,E05014372,E40000006,E92000001,E12000009,E14001241,E30000274,E06000066,E65000001,E01029058,E02006056,E33050149,E38000150,E63999999,RSF1,1B2,51.149002,-2.444789,E37000016,,E23000036,16390,E54000038,Street and Wells
TS9 6DP,TS9  6DP,TS9 6DP,199308,,0,455813,511013,1,E00140501,E99999999,E99999999,E06000065,E05014276,E40000012,E92000001,E12000003,E14001444,E30000093,E06000065,E65000001,E01027599,E02005750,E33013419,E38000241,E63007446,RLN1,8C2,54.491404,-1.139897,E37000058,,E23000009,14485,E54000051,Middlesbrough and Stockton
BN229QT,BN22 9QT,BN22 9QT,198001,,0,560205,102444,1,E00106188,E10000011,E58000370,E07000061,E05011575,E40000005,E92000001,E12000008,E14001219,E30000204,E07000061,E65000001,E01020921,E02004359,E33041513,E38000235,E63013776,UN1,8D2,50.799412,0.272037,E37000056,,E23000033,11585,E54000069,Eastbourne
IP119HH,IP11 9HH,IP11 9HH,198001,,0,630873,235793,1,E00153765,E10000029,E58001413,E07000244,E05012741,E40000013,E92000001,E12000006,E14001530,E30000222,E07000244,E65000001,E01033450,E02006299,E33028669,E38000086,E63011061,UN1,6B4,51.972633,1.359952,E37000052,,E23000025,27086,E54000068,Ipswich
LE143LU,LE14 3LU,LE14 3LU,199405,,0,467404,323974,1,E00131477,E10000018,E58000870,E07000133,E05005507,E40000011,E92000001,E12000004,E14001357,E30000230,E07000133,E65000001,E01025909,E02005393,E33016508,E38000051,E63999999,RSN1,1B1,52.809132,-1.00148,E37000021,,E23000021,20254,E54000015,Leicester
G52 4EE,G52  4EE,G52 4EE,198001,,0,251545,664793,1,S00159647,S99999999,S99999999,S12000049,S13002970,S99999999,S92000003,S99999999,S14000101,S22000065,S30000052,S99999999,S01016948,S02003149,S34005198,S03000043,,1,5A2,55.853406,-4.373084,S99999999,S99999999,S23000009,1578,S99999999,Glasgow
CO9 3PN,CO9  3PN,CO9 3PN,200112,200508,0,578287,233824,1,E00108703,E10000012,E58000439,E07000067,E05010378,E40000013,E92000001,E12000006,E14001121,E30000188,E07000067,E65000001,E01021397,E02004448,E33026287,E38000106,E63011054,RLF1,1C2,51.974292,0.594293,E37000056,,E23000028,26174,E54000066,Chelmsford
NG349EX,NG34 9EX,NG34 9EX,198001,,0,507889,351325,1,E00133159,E10000019,E58000933,E07000139,E05014440,E40000011,E92000001,E12000004,E14001476,E30000231,E07000139,E65000001,E01026223,E02005460,E33016835,E38000238,E63008966,RLN1,1A4,53.048335,-0.392003,E37000060,,E23000020,27035,E54000013,Lincoln
M46 0GB,M46  0GB,M46 0GB,199405,,0,366068,402988,1,E00031629,E11000001,E99999999,E08000010,E05014994,E40000014,E92000001,E12000002,E14001329,E30000239,E08000010,E65000001,E01006243,E02001309,E33006077,E38000205,E63008308,UN1,8B1,53.522473,-2.513271,E37000015,,E23000005,23185,E54000057,Manchester
HP5 1HS,HP5  1HS,HP5 1HS,198001,,0,495892,201514,1,E00178434,E99999999,E99999999,E06000060,E05015946,E40000005,E92000001,E12000008,E14001162,E30000218,E06000060,E65000001,E01017792,E02003679,E33037633,E38000223,E63011668,UN1,5A3,51.704188,-0.613701,E37000043,,E23000029,21085,E54000070,High Wycombe and Aylesbury
UB7 9NE,UB7  9NE,UB7 9NE,198504,198812,1,509700,179300,8,E00184438,E13000002,E99999999,E09000017,E05013569,E40000003,E92000001,E12000007,E14001276,E30000266,E09000017,E65000001,E01034616,E02000523,E33032160,E38000256,E63012034,UN1,3B1,51.502001,-0.420903,E37000051,,E23000001,11705,E54000071,Slough and Heathrow
SR8 4DZ,SR8  4DZ,SR8 4DZ,201412,,0,444380,541416,1,E00105378,E99999999,E99999999,E06000047,E05016179,E40000012,E92000001,E12000001,E14001211,E30000275,E06000047,E65000001,E01020767,E02004327,E33001894,E38000234,E63007289,UN1,8C3,54.76573,-1.311787,E37000025,,E23000008,569,E54000050,Sunderland
TS103DN,TS10 3DN,TS10 3DN,198001,,0,460509,525150,1,E00061027,E99999999,E99999999,E06000003,E05012439,E40000012,E92000001,E12000001,E14001440,E30000093,E06000003,E65000001,E01012102,E02002515,E33000318,E38000247,E63007382,UN1,5B3,54.617896,-1.064511,E37000034,,E23000013,3056,E54000050,Middlesbrough and Stockton
L18 1EN,L18  1EN,L18 1EN,198001,,0,339007,387972,1,E00033425,E11000002,E99999999,E08000012,E05015318,E40000014,E92000001,E12000002,E14001337,E30000233,E08000012,E65000001,E01006593,E02001388,E33006388,E38000101,E63008477,UN1,5A3,53.38507,-2.918474,E37000022,,E23000004,13810,E54000008,Liverpool
PO219GX,PO21 9GX,PO21 9GX,201008,201109,1,493770,99105,1,E00184815,E10000032,E58001604,E07000224,E05009813,E40000005,E92000001,E12000008,E14001108,E30000191,E07000224,E65000001,E01031432,E02006558,E33039174,E38000265,E63013769,UN1,2C1,50.783937,-0.671195,E37000044,,E23000033,6306,E54000069,Chichester and Bognor Regis
YO258ST,YO25 8ST,YO25 8ST,198001,,0,517193,455095,1,E00065540,E99999999,E99999999,E06000011,E05001695,E40000012,E92000001,E12000003,E14001127,E30000177,E06000011,E65000001,E01012986,E02002693,E33012894,E38000052,E63007702,RSF1,1B3,53.978658,-0.214524,E37000061,,E23000012,12108,E54000051,Bridlington
M41 5HS,M41  5HS,M41 5HS,199412,200205,1,376313,394651,1,E00031428,E11000001,E99999999,E08000009,E05015259,E40000014,E92000001,E12000002,E14001528,E30000239,E08000009,E65000001,E01006201,E02001267,E33005880,E38000187,E63008420,UN1,5B3,53.448101,-2.358116,E37000015,,E23000005,15957,E54000057,Manchester
N1  0DX,N1   0DX,N1 0DX,198001,,0,530623,184096,1,E00013502,E13000001,E99999999,E09000019,E05013700,E40000003,E92000001,E12000007,E14001306,E30000234,E09000019,E65000001,E01002715,E02000572,E33034759,E38000240,E63011980,UN1,3B3,51.540659,-0.11784,E37000051,,E23000001,4721,E54000071,London
SK2 6JW,SK2  6JW,SK2 6JW,198001,,0,390142,388160,1,E00029359,E11000001,E99999999,E08000007,E05015022,E40000014,E92000001,E12000002,E14001158,E30000239,E08000007,E65000001,E01005798,E02001213,E33005658,E38000174,E63008478,UN1,5B3,53.390201,-2.149691,E37000015,,E23000005,9674,E54000057,Manchester
NN1 5BN,NN1  5BN,NN1 5BN,200302,201611,1,476306,260507,1,E00189074,E99999999,E99999999,E06000062,E05015983,E40000011,E92000001,E12000004,E14001407,E30000247,E06000062,E65000001,E01027224,E02005674,E33014731,E38000262,E63010463,UN1,4C3,52.23749,-0.883984,E37000057,,E23000022,7208,E54000059,Northampton
TR165EB,TR16 5EB,TR16 5EB,198001,,0,172470,45343,1,E00095035,E99999999,E99999999,E06000052,E05013849,E40000006,E92000001,E12000009,E14001148,E30000257,E06000052,E65000001,E01018825,E02003907,E33048429,E38000089,E63999999,RSF1,1A2,50.264119,-5.193948,E37000005,,E23000035,10797,E54000036,Redruth and Truro
SG137UG,SG13 7UG,SG13 7UG,199208,202307,1,532987,212543,1,E00119256,E10000015,E58000639,E07000242,E05015365,E40000013,E92000001,E12000006,E14001283,E30000186,E07000242,E65000001,E01023477,E02004894,E33024201,E38000049,E63011465,UN1,5A3,51.79574,-0.072952,E37000048,,E23000027,27352,E54000065,Cambridge
ST104NJ,ST10 4NJ,ST10 4NJ,198001,,0,402843,337858,1,E00151798,E10000028,E58001811,E07000198,E05007052,E40000011,E92000001,E12000005,E14001522,E30000273,E07000198,E65000001,E01029788,E02006216,E33022445,E38000126,E63999999,RSN1,1A3,52.938128,-1.959143,E37000032,,E23000015,24910,E54000010,Stoke-on-Trent
BT399ZH,BT39 9ZH,BT39 9ZH,201506,,0,329513,391265,1,N20000106,N99999999,N99999999,N09000001,N08000104,N99999999,N92000002,N99999999,N05000014,N12000002,N09000001,N99999999,N21000022,N99999999,N19001573,ZC020,N99999999,,5A1,54.752627,-5.989213,N99999999,N99999999,N23000001,732,N99999999,Belfast
BB119FW,BB11 9FW,BB11 9FW,201206,201910,1,384228,432762,1,E00181551,E10000017,E58000755,E07000117,E05005155,E40000014,E92000001,E12000002,E14001142,E30000182,E07000117,E65000001,E01024877,E02005178,E33003837,E38000050,E63007907,UN1,4B2,53.790944,-2.240889,E37000019,,E23000003,180,E54000048,Burnley
DA1 9TN,DA1  9TN,DA1 9TN,202101,202108,1,553654,174061,1,E00122781,E10000016,E58000697,E07000107,E05012410,E40000005,E92000001,E12000008,E14001191,E30000234,E07000107,E65000001,E01024185,E02005030,E33038335,E38000237,E63012157,UN1,4A2,51.4447,0.209648,E37000056,,E23000032,22488,E54000032,London
LL237SE,LL23 7SE,LL23 7SE,198001,,0,288582,338665,1,W00000422,W99999999,W99999999,W06000002,W05001548,W99999999,W92000004,W99999999,W07000096,W22000033,W06000002,W18000003,W01000083,W02000024,W35000983,W11000023,W45999999,RSF1,1A3,52.933801,-3.659151,W99999999,W99999999,W15000001,1162,W99999999,Tywyn and Dolgellau
UB8 2SY,UB8  2SY,UB8 2SY,199002,199812,1,505098,184130,1,E00012544,E13000002,E99999999,E09000017,E05013580,E40000003,E92000001,E12000007,E14001558,E30000266,E09000017,E65000001,E01002521,E02000509,E33034451,E38000256,E63012034,UN1,3A1,51.546289,-0.485739,E37000051,,E23000001,8385,E54000071,Slough and Heathrow
EX387XQ,EX38 7XQ,EX38 7XQ,200407,200903,1,249585,119165,1,E00102868,E10000008,E58000305,E07000046,E05011922,E40000006,E92000001,E12000009,E14001552,E30000167,E07000046,E65000001,E01020305,E02004225,E33046368,E38000230,E63013416,RLF1,7A2,50.95223,-4.142832,E37000016,,E23000035,14038,E54000037,Bideford
WA6 8EU,WA6  8EU,WA6 8EU,198001,,0,354723,375046,1,E00094382,E99999999,E99999999,E06000050,E05012234,E40000014,E92000001,E12000002,E14001455,E30000284,E06000050,E65000001,E01018698,E02003877,E33007674,E38000233,E63008680,RLN1,6A3,53.270473,-2.680358,E37000003,,E23000006,29844,E54000008,Warrington and Wigan
NE5 2HD,NE5  2HD,NE5 2HD,198001,,0,421018,565947,1,E00042333,E11000007,E99999999,E08000021,E05011460,E40000012,E92000001,E12000001,E14001377,E30000245,E08000021,E65000001,E01008344,E02001726,E33001023,E38000212,E63007169,UN1,8C3,54.987683,-1.673089,E37000025,,E23000007,5756,E54000050,Newcastle
PL5 9BT,PL5  9BT,PL5 9BT,201212,201312,1,246173,59184,1,E00076189,E99999999,E99999999,E06000026,E05002085,E40000006,E92000001,E12000009,E14001426,E30000253,E06000026,E65000001,E01015085,E02003127,E33047866,E38000230,E63014082,UN1,8A1,50.412319,-4.166401,E37000016,,E23000035,7883,E54000037,Plymouth
HU164XY,HU16 4XY,HU16 4XY,200106,200709,1,504565,432754,1,E00065358,E99999999,E99999999,E06000011,E05001691,E40000012,E92000001,E12000003,E14001314,E30000220,E06000011,E65000001,E01012957,E02002708,E33012988,E38000052,E63007898,UN1,5B1,53.780643,-0.414599,E37000061,,E23000012,27761,E54000051,Hull
NR257YQ,NR25 7YQ,NR25 7YQ,199507,199806,1,605102,342612,6,E00135947,E10000020,E58000994,E07000147,E05011837,E40000013,E92000001,E12000006,E14001396,E30000198,E07000147,E65000001,E01026741,E02005573,E33028030,E38000239,E63009062,RSF1,1B3,52.941716,1.050952,E37000052,,E23000024,13124,E54000068,Cromer and Sheringham
SS118EY,SS11 8EY,SS11 8EY,199806,199912,1,576007,193345,6,E00108371,E10000012,E58000468,E07000066,E05015649,E40000013,E92000001,E12000006,E14001437,E30000268,E07000066,E65000001,E01021340,E02004430,E33026222,E38000007,E63011853,UN1,6B2,51.611426,0.540608,E37000056,,E23000028,23429,E54000066,Southend
SE277AG,SE27 7AG,SE27 7AG,200812,201101,1,,,9,,,,,,,,,,,,,,,,,,,,99.999999,0,,,,0,,#N/A
TN394DF,TN39 4DF,TN39 4DF,198001,,0,573524,108968,1,E00107344,E10000011,E58000357,E07000064,E05011612,E40000005,E92000001,E12000008,E14001088,E30000061,E07000064,E65000001,E01021130,E02004401,E33041740,E38000235,E63013637,UN1,5B3,50.854193,0.463946,E37000056,,E23000033,18880,E54000069,Hastings
OL2 7SD,OL2  7SD,OL2 7SD,198001,,0,393462,409368,1,E00027113,E11000001,E99999999,E08000004,E05014651,E40000014,E92000001,E12000002,E14001415,E30000239,E08000004,E65000001,E01005358,E02001098,E33005146,E38000135,E63008223,UN1,5A3,53.580879,-2.100219,E37000015,,E23000005,7319,E54000057,Manchester
LN110UL,LN11 0UL,LN11 0UL,198001,,0,531667,391973,1,E00132174,E10000019,E58000923,E07000137,E05009880,E40000011,E92000001,E12000004,E14001343,E30000211,E07000137,E65000001,E01026045,E02005424,E33016644,E38000238,E63008464,RSN1,1B3,53.408177,-0.020736,E37000060,,E23000020,11365,E54000013,Grimsby
RH6 0WZ,RH6  0WZ,RH6 0WZ,200308,200610,1,528409,143011,1,E00155938,E10000030,E58001503,E07000211,E05012876,E40000005,E92000001,E12000008,E14001201,E30000196,E07000211,E65000001,E01035362,E02006392,E33044417,E38000267,E63012884,UN1,5B2,51.171928,-0.164563,E37000044,,E23000031,25559,E54000069,Crawley
HR9 5NP,HR9  5NP,HR9 5NP,198001,,0,360276,223796,1,E00071012,E99999999,E99999999,E06000019,E05009479,E40000011,E92000001,E12000005,E14001281,K01000005,E06000019,E65000001,E01014062,E02002926,E33021481,E38000236,E63011234,UF1,1B2,51.911278,-2.578893,E37000036,,E23000016,15224,E54000019,Cinderford and Ross-on-Wye
WA7 4YW,WA7  4YW,WA7 4YW,198001,,0,351948,380696,1,E00062635,E99999999,E99999999,E06000006,E05013171,E40000014,E92000001,E12000002,E14001455,E30000284,E06000006,E65000001,E01012415,E02002589,E33006973,E38000068,E63008579,UN1,6B3,53.321011,-2.722823,E37000022,,E23000006,22003,E54000008,Warrington and Wigan
CH431TN,CH43 1TN,CH43 1TN,199906,,0,330642,388330,1,E00036245,E11000002,E99999999,E08000015,E05000968,E40000014,E92000001,E12000002,E14001091,E30000168,E08000015,E65000001,E01007160,E02001486,E33006812,E38000208,E63008503,UN1,5B1,53.387254,-3.044296,E37000022,,E23000004,10552,E54000008,Birkenhead
RG1 1NR,RG1  1NR,RG1 1NR,198410,,0,471448,173688,1,E00174486,E99999999,E99999999,E06000038,E05013864,E40000005,E92000001,E12000008,E14001438,E30000256,E06000038,E65000001,E01033415,E02006939,E33039750,E38000221,E63012182,UN1,2B2,51.457672,-0.973019,E37000035,,E23000029,11038,E54000070,Reading
BB1 1PS,BB1  1PS,BB1 1PS,198001,,0,370205,427744,1,E00063725,E99999999,E99999999,E06000008,E05011513,E40000014,E92000001,E12000002,E14001102,E30000170,E06000008,E65000001,E01012641,E02002622,E33007124,E38000014,E63007969,UN1,8D1,53.745228,-2.453253,E37000019,,E23000003,1335,E54000048,Blackburn
SA1 7FT,SA1  7FT,SA1 7FT,201708,,0,266898,195393,1,W00010378,W99999999,W99999999,W06000011,W05001040,W99999999,W92000004,W99999999,W07000103,W22000032,W06000011,W31000001,W01000741,W02000181,W35000289,W11000031,W45001113,UN1,8A1,51.641546,-3.92495,W99999999,W99999999,W15000003,355,W99999999,Swansea
CW2 5XX,CW2  5XX,CW2 5XX,202310,,0,369292,351370,1,E00093324,E99999999,E99999999,E06000049,E05008652,E40000014,E92000001,E12000002,E14001185,E30000197,E06000049,E65000001,E01018495,E02003838,E33007471,E38000233,E63008953,UN1,1B1,53.058707,-2.459635,E37000003,,E23000006,24020,E54000008,Crewe
S11 7JW,S11  7JW,S11 7JW,198001,,0,432134,385466,1,E00040185,E11000003,E99999999,E08000039,E05010867,E40000012,E92000001,E12000003,E14001468,E30000261,E08000019,E65000001,E01007934,E02001657,E33011330,E38000146,E63008489,UN1,5A2,53.365111,-1.518569,E37000054,,E23000011,29939,E54000061,Sheffield
DL8 1SL,DL8  1SL,DL8 1SL,198001,,0,421331,489741,1,E00141365,E99999999,E99999999,E06000065,E05014312,E40000012,E92000001,E12000003,E14001444,E30000246,E06000065,E65000001,E01027758,E02005787,E33013654,E38000241,E63999999,RSN1,1C1,54.302847,-1.673717,E37000058,,E23000009,18604,E54000051,Northallerton
ME195QA,ME19 5QA,ME19 5QA,198106,201203,1,568207,158803,1,E00186746,E10000016,E58000721,E07000115,E05015037,E40000005,E92000001,E12000008,E14001349,E30000242,E07000115,E65000001,E01035011,E02006833,E33045374,E38000237,E63012518,UN1,5B3,51.303495,0.411653,E37000056,,E23000032,22651,E54000032,Medway
SW1P9GG,SW1P 9GG,SW1P 9GG,200610,201902,1,529548,177433,1,E00183214,E13000001,E99999999,E09000032,E05014015,E40000003,E92000001,E12000007,E14001081,E30000234,E09000032,E65000001,E01035498,E02007083,E33030744,E38000245,E63012154,UN1,2D3,51.481027,-0.135779,E37000051,,E23000001,8087,E54000031,London
BH2 5WF,BH2  5WF,BH2 5WF,200206,200603,1,409725,92040,1,E00077297,E99999999,E99999999,E06000058,E05012661,E40000006,E92000001,E12000009,E14001115,E30000175,E06000058,E65000001,E01015288,E02003192,E33045897,E38000045,E63013847,UN1,3C1,50.727889,-1.863572,E37000009,,E23000039,3256,E54000041,Bournemouth
SO1 4FE,SO1  4FE,SO1 4FE,198203,199412,0,439151,114342,1,E00086911,E99999999,E99999999,E06000045,E05015498,E40000005,E92000001,E12000008,E14001500,E30000267,E06000045,E65000001,E01017207,E02003563,E33040987,E38000266,E63013524,UN1,7A3,50.927201,-1.444301,E37000055,,E23000030,1128,E54000067,Southampton
RH158PB,RH15 8PB,RH15 8PB,198001,,0,530432,119582,1,E00161722,E10000032,E58001612,E07000228,E05014715,E40000005,E92000001,E12000008,E14001366,E30000196,E07000228,E65000001,E01031716,E02006617,E33045238,E38000265,E63013415,UN1,7C1,50.960904,-0.144083,E37000044,,E23000033,11342,E54000069,Crawley
BR6 1JG,BR6  1JG,BR6 1JG,202103,202107,1,546193,166288,1,E00182578,E13000002,E99999999,E09000006,E05014003,E40000003,E92000001,E12000007,E14001417,E30000234,E09000006,E65000001,E01000790,E02000154,E33029223,E38000244,E63012282,UN1,4C3,51.37683,0.099164,E37000051,,E23000001,20322,E54000030,London
L5  7TT,L5   7TT,L5 7TT,198410,,0,334634,393172,1,E00165716,E11000002,E99999999,E08000012,E05015310,E40000014,E92000001,E12000002,E14001338,E30000233,E08000012,E65000001,E01006778,E02001360,E33006268,E38000101,E63008477,UN1,3A1,53.431279,-2.98529,E37000022,,E23000004,266,E54000008,Liverpool
HP201FB,HP20 1FB,HP20 1FB,199912,200007,1,483116,214036,6,E00169122,E99999999,E99999999,E06000060,E05015930,E40000005,E92000001,E12000008,E14001071,E30000218,E06000060,E65000001,E01017699,E02003665,E33041227,E38000223,E63011452,UN1,4A1,51.818787,-0.795547,E37000043,,E23000029,9731,E54000070,High Wycombe and Aylesbury
HX5 0HG,HX5  0HG,HX5 0HG,198001,,0,411041,420695,1,E00168665,E11000006,E99999999,E08000033,E05001373,E40000012,E92000001,E12000003,E14001147,E30000029,E08000033,E65000001,E01010890,E02002268,E33011851,E38000025,E63008069,UN1,5A3,53.682615,-1.834314,E37000062,,E23000010,11126,E54000054,Halifax
LS177EG,LS17 7EG,LS17 7EG,198001,,0,429825,439467,1,E00058254,E11000006,E99999999,E08000035,E05012842,E40000012,E92000001,E12000003,E14001321,E30000229,E08000035,E65000001,E01011559,E02002347,E33012202,E38000225,E63007883,UN1,4A1,53.850603,-1.548123,E37000062,,E23000010,2632,E54000054,Leeds
BT388GE,BT38 8GE,BT38 8GE,201806,,0,337657,384826,1,N20002836,N99999999,N99999999,N09000008,N08000823,N99999999,N92000002,N99999999,N05000005,N12000002,N09000008,N99999999,N21000636,N99999999,N19000691,ZC020,N99999999,,5B1,54.692664,-5.865859,N99999999,N99999999,N23000001,783,N99999999,Belfast
BS187PR,BS18 7PR,BS18 7PR,198001,199708,0,347538,164535,1,E00075052,E99999999,E99999999,E06000024,E05010309,E40000006,E92000001,E12000009,E14001399,E30000285,E06000024,E65000001,E01014854,E02003077,E33045670,E38000222,E63999999,RSN1,1A3,51.377428,-2.755153,E37000037,,E23000036,24535,E54000039,Weston-super-Mare
PR4 0QZ,PR4  0QZ,PR4 0QZ,202303,,0,350050,432722,1,E00181990,E10000017,E58000809,E07000123,E05012205,E40000014,E92000001,E12000002,E14001443,E30000255,E07000123,E65000001,E01034347,E02005254,E33008480,E38000227,E63007900,UN1,1A2,53.788422,-2.759642,E37000019,,E23000003,23162,E54000048,Preston
BT455LG,BT45 5LG,BT45 5LG,198412,,0,285379,392294,1,N20002886,N99999999,N99999999,N09000009,N08000937,N99999999,N92000002,N99999999,N05000010,N12000004,N09000009,N99999999,N21000649,N99999999,N19001403,ZC020,N99999999,,1B3,54.771296,-6.674123,N99999999,N99999999,N23000001,563,N99999999,Cookstown and Magherafelt
NG102AN,NG10 2AN,NG10 2AN,198001,,1,449432,333802,1,E00099570,E10000007,E58001896,E07000036,E05010616,E40000011,E92000001,E12000004,E14001228,E30000249,E07000036,E65000001,E01019682,E02004089,E33016039,E38000261,E63009209,UN1,8C1,52.899414,-1.266586,E37000045,,E23000018,4792,E54000058,Nottingham
SO4 1YS,SO4  1YS,SO4 1YS,198001,199412,0,444525,101412,1,E00116943,E10000014,E58000587,E07000091,E05014778,E40000005,E92000001,E12000008,E14001373,E30000267,E07000091,E65000001,E01023014,E02004792,E33042408,E38000266,E63013742,UF1,1B1,50.810546,-1.36941,E37000055,,E23000030,24255,E54000067,Southampton
DH1 2UA,DH1  2UA,DH1 2UA,198001,199512,1,429400,540500,8,E00171825,E99999999,E99999999,E06000047,E05016175,E40000012,E92000001,E12000001,E14001173,E30000203,E06000047,E65000001,E01020732,E02004318,E33001860,E38000234,E63999999,RSN1,6B2,54.758596,-1.544683,E37000025,,E23000008,29938,E54000050,Durham and Bishop Auckland
HD4 5ET,HD4  5ET,HD4 5ET,198001,,0,412529,415066,1,E00055830,E11000006,E99999999,E08000034,E05008560,E40000012,E92000001,E12000003,E14001297,E30000219,E08000034,E65000001,E01011084,E02002317,E33012060,E38000254,E63008114,UN1,4B2,53.631987,-1.81201,E37000062,,E23000010,2319,E54000054,Huddersfield
FK188NB,FK18 8NB,FK18 8NB,198001,,0,256302,717553,1,S00178648,S99999999,S99999999,S12000030,S13003115,S99999999,S92000003,S99999999,S14000105,S22000061,S30000011,S21000002,S01020492,S02003790,S34002894,S03000011,,6,1C1,56.328482,-4.32555,S99999999,S99999999,S23000009,3222,S99999999,Falkirk and Stirling
EX5 5AH,EX5  5AH,EX5 5AH,198001,,0,289053,99419,1,E00101611,E10000008,E58000269,E07000042,E05014817,E40000006,E92000001,E12000009,E14001155,E30000206,E07000042,E65000001,E01020068,E02004173,E33048994,E38000230,E63999999,RSN1,1C1,50.783687,-3.575196,E37000016,,E23000035,13279,E54000037,Exeter
BS991XF,BS99 1XF,BS99 1XF,199007,199706,1,360204,173429,8,E00174282,E99999999,E99999999,E06000023,E05010907,E40000006,E92000001,E12000009,E14001132,E30000180,E06000023,E65000001,E01033358,E02006887,E33047120,E38000222,E63012168,UN1,3B3,51.458428,-2.57418,E37000037,,E23000036,1501,E54000039,Bristol
HP6 9JE,HP6  9JE,HP6 9JE,201807,202107,1,496396,198336,1,E00089521,E99999999,E99999999,E06000060,E05015928,E40000005,E92000001,E12000008,E14001162,E30000218,E06000060,E65000001,E01017742,E02003681,E33037617,E38000223,E63011753,UN1,4C3,51.675536,-0.607287,E37000043,,E23000029,32439,E54000070,High Wycombe and Aylesbury
LE8 5TD,LE8  5TD,LE8 5TD,199405,,0,457788,295441,1,E00130006,E10000018,E58000845,E07000129,E05015264,E40000011,E92000001,E12000004,E14001488,E30000230,E07000129,E65000001,E01025616,E02005343,E33016254,E38000051,E63009893,RLN1,6B4,52.553771,-1.149112,E37000021,,E23000021,31524,E54000015,Leicester
HX6 2YX,HX6  2YX,HX6 2YX,199412,199707,1,409508,425333,8,E00055407,E11000006,E99999999,E08000033,E05001386,E40000012,E92000001,E12000003,E14001262,E30000029,E08000033,E65000001,E01034582,E02002251,E33009378,E38000025,E63007966,UN1,2C1,53.724331,-1.857384,E37000062,,E23000010,1974,E54000054,Halifax
BN435YP,BN43 5YP,BN43 5YP,200206,200603,1,521707,105218,1,E00184813,E10000032,E58001654,E07000223,E05007571,E40000005,E92000001,E12000008,E14001218,E30000292,E07000223,E65000001,E01031364,E02006538,E33039163,E38000265,E63013678,UN1,5A3,50.833701,-0.27304,E37000044,,E23000033,13057,E54000069,Worthing
SA200BB,SA20 0BB,SA20 0BB,198001,,0,276400,234279,1,W00003652,W99999999,W99999999,W06000010,W05001203,W99999999,W92000004,W99999999,W07000087,W22000028,W06000010,W31000001,W01000679,W02000143,W35001547,W11000025,W45000913,RLF1,1B1,51.993172,-3.801592,W99999999,W99999999,W15000004,1067,W99999999,Llanelli
M5  2JA,M5   2JA,M5 2JA,198001,200112,0,379727,398939,1,E00028981,E11000001,E99999999,E08000006,E05013036,E40000014,E92000001,E12000002,E14001459,E30000239,E08000006,E65000001,E01033982,E02001177,E33005477,E38000143,E63008377,UN1,8B1,53.486787,-2.306991,E37000015,,E23000005,5360,E54000057,Manchester
L15 4NA,L15  4NA,L15 4NA,198001,,0,338434,389701,1,E00034102,E11000002,E99999999,E08000012,E05015335,E40000014,E92000001,E12000002,E14001340,E30000233,E08000012,E65000001,E01006725,E02001381,E33006354,E38000101,E63008477,UN1,8D2,53.400542,-2.927425,E37000022,,E23000004,3938,E54000008,Liverpool
CF399TH,CF39 9TH,CF39 9TH,198001,,0,303058,191218,1,W00006460,W99999999,W99999999,W06000016,W05001101,W99999999,W92000004,W99999999,W07000107,W22000024,W06000016,W31000001,W01001231,W02000268,W35002057,W11000030,W45001147,UN1,8B1,51.61142,-3.401416,W99999999,W99999999,W15000003,415,W99999999,Cardiff
NP9 1DG,NP9  1DG,NP9 1DG,198001,199906,0,331110,188200,8,W00008732,W99999999,W99999999,W06000022,W05001645,W99999999,W92000004,W99999999,W07000104,K01000013,W06000022,W31000001,W01001685,W02000360,W35000605,W11000028,W45001174,UN1,4A2,51.588425,-2.995778,W99999999,W99999999,W15000002,339,W99999999,Newport
NN6 0XL,NN6  0XL,NN6 0XL,200701,200902,1,475320,261359,1,E00138127,E99999999,E99999999,E06000062,E05015995,E40000011,E92000001,E12000004,E14001406,E30000247,E06000062,E65000001,E01027153,E02005670,E33017338,E38000262,E63010463,UN1,3C1,52.245285,-0.898231,E37000057,,E23000022,2420,E54000059,Northampton
KY157UN,KY15 7UN,KY15 7UN,199512,,1,329103,712394,1,S00153848,S99999999,S99999999,S12000047,S13002960,S99999999,S92000003,S99999999,S14000100,S22000057,S30000042,S99999999,S01016793,S02003119,S34001379,S03000007,,5,1A2,56.298648,-3.147196,S99999999,S99999999,S23000009,4252,S99999999,Dunfermline and Kirkcaldy
BS995ZN,BS99 5ZN,BS99 5ZN,200803,200903,1,360204,173429,1,E00174282,E99999999,E99999999,E06000023,E05010907,E40000006,E92000001,E12000009,E14001132,E30000180,E06000023,E65000001,E01033358,E02006887,E33047120,E38000222,E63012168,UN1,3B3,51.458428,-2.57418,E37000037,,E23000036,1501,E54000039,Bristol
TS4 2NA,TS4  2NA,TS4 2NA,198001,,0,450359,518822,1,E00060663,E99999999,E99999999,E06000002,E05009863,E40000012,E92000001,E12000001,E14001367,E30000093,E06000002,E65000001,E01012026,E02002501,E33001486,E38000247,E63007408,UN1,8D2,54.562145,-1.222755,E37000034,,E23000013,8503,E54000050,Middlesbrough and Stockton
BA100HH,BA10 0HH,BA10 0HH,198001,,0,368754,135153,1,E00148523,E99999999,E99999999,E06000066,E05014389,E40000006,E92000001,E12000009,E14001247,E30000293,E06000066,E65000001,E01029157,E02006075,E33050248,E38000150,E63013083,RLF1,1A4,51.114803,-2.447761,E37000016,,E23000036,18860,E54000038,Yeovil
BN125YZ,BN12 5YZ,BN12 5YZ,200303,200707,1,511190,102828,1,E00162171,E10000032,E58001625,E07000229,E05007699,E40000005,E92000001,E12000008,E14001599,E30000292,E07000229,E65000001,E01031803,E02006633,E33045325,E38000265,E63013691,UN1,6A4,50.81433,-0.423051,E37000044,,E23000033,30213,E54000069,Worthing
EX141HN,EX14 1HN,EX14 1HN,199912,,0,317021,100814,1,E00100886,E10000008,E58000278,E07000040,E05011798,E40000006,E92000001,E12000009,E14001291,E30000206,E07000040,E65000001,E01019934,E02004130,E33048776,E38000230,E63013757,UN1,1C3,50.800912,-3.178877,E37000016,,E23000035,22304,E54000037,Exeter
DE3 0TG,DE3  0TG,DE3 0TG,200206,,0,430506,334305,1,E00068447,E99999999,E99999999,E06000015,E05015520,E40000011,E92000001,E12000004,E14001193,E30000200,E06000015,E65000001,E01013563,E02002814,E33015362,E38000261,E63009183,UN1,6B3,52.905337,-1.54788,E37000045,,E23000018,28955,E54000058,Derby
ME124NX,ME12 4NX,ME12 4NX,198001,,0,601996,171588,1,E00124760,E10000016,E58000734,E07000113,E05009562,E40000005,E92000001,E12000008,E14001474,E30000242,E07000113,E65000001,E01024581,E02005120,E33043309,E38000237,E63012201,RLF1,8A1,51.407335,0.903015,E37000056,,E23000032,3175,E54000032,Medway
KT2 7ZQ,KT2  7ZQ,KT2 7ZQ,200006,200402,1,518841,168688,1,E00014977,E13000002,E99999999,E09000021,E05013941,E40000003,E92000001,E12000007,E14001312,E30000266,E09000021,E65000001,E01002971,E02000602,E33034980,E38000245,E63012249,UN1,4C3,51.404778,-0.292827,E37000051,,E23000001,21686,E54000031,Slough and Heathrow
ME124WE,ME12 4WE,ME12 4WE,200307,201008,1,592212,174925,1,E00124899,E10000016,E58000734,E07000113,E05009560,E40000005,E92000001,E12000008,E14001474,E30000242,E07000113,E65000001,E01024609,E02005115,E33043294,E38000237,E63012153,UN1,7A1,51.440702,0.764326,E37000056,,E23000032,48,E54000032,Medway
ML1 2QW,ML1  2QW,ML1 2QW,198505,,0,275451,655366,1,S00170385,S99999999,S99999999,S12000050,S13003060,S99999999,S92000003,S99999999,S14000099,S22000071,S30000053,S99999999,S01018624,S02003453,S34004708,S03000029,,1,8C1,55.775528,-3.987162,S99999999,S99999999,S23000009,6123,S99999999,Motherwell and Airdrie
BT784BE,BT78 4BE,BT78 4BE,199412,,0,239973,385472,1,N20002011,N99999999,N99999999,N09000005,N08000528,N99999999,N92000002,N99999999,N05000018,N12000010,N09000005,N99999999,N21000458,N99999999,N19001732,ZC050,N99999999,,8A2,54.71568,-7.38051,N99999999,N99999999,N23000001,201,N99999999,Omagh and Strabane
AB428JH,AB42 8JH,AB42 8JH,199008,199606,0,402686,854160,1,S00137605,S99999999,S99999999,S12000034,S13002851,S99999999,S92000003,S99999999,S14000062,S22000075,S30000027,S99999999,S01014112,S02002621,S34003240,S03000013,,5,1A1,57.577476,-1.956751,S99999999,S99999999,S23000009,4140,S99999999,Peterhead
L32 9RE,L32  9RE,L32 9RE,198001,,0,341869,397902,1,E00032620,E11000002,E99999999,E08000011,E05010938,E40000014,E92000001,E12000002,E14001317,E30000233,E08000011,E65000001,E01006434,E02001331,E33006177,E38000091,E63008390,UN1,7A3,53.474638,-2.877286,E37000022,,E23000004,694,E54000008,Liverpool
CF312LR,CF31 2LR,CF31 2LR,200503,,0,292270,179781,1,W00009956,W99999999,W99999999,W06000013,W05001231,W99999999,W92000004,W99999999,W07000086,W22000003,W06000013,W31000001,W01000979,W02000232,W35001903,W11000030,W45001212,UF1,5A2,51.506659,-3.553651,W99999999,W99999999,W15000003,1332,W99999999,Bridgend
CH481NE,CH48 1NE,CH48 1NE,199906,,0,323913,385619,1,E00036938,E11000002,E99999999,E08000015,E05000975,E40000014,E92000001,E12000002,E14001589,E30000168,E08000015,E65000001,E01007283,E02001494,E33006848,E38000208,E63008536,UN1,6A4,53.361962,-3.144794,E37000022,,E23000004,24574,E54000008,Birkenhead
BA202PR,BA20 2PR,BA20 2PR,198001,,0,353986,114781,1,E00148979,E99999999,E99999999,E06000066,E05014392,E40000006,E92000001,E12000009,E14001603,E30000293,E06000066,E65000001,E01029244,E02006092,E33050329,E38000150,E63013483,UF1,6B3,50.930626,-2.656135,E37000016,,E23000036,32046,E54000038,Yeovil
HA5 3GW,HA5  3GW,HA5 3GW,199712,200110,1,511953,189702,1,E00010943,E13000002,E99999999,E09000015,E05013555,E40000003,E92000001,E12000007,E14001454,E30000266,E09000015,E65000001,E01002189,E02000448,E33029888,E38000256,E63011900,UN1,3D1,51.595053,-0.385149,E37000051,,E23000001,29842,E54000071,Slough and Heathrow
CH259AW,CH25 9AW,CH25 9AW,200601,200902,1,332811,389382,1,E00036119,E11000002,E99999999,E08000015,E05000956,E40000014,E92000001,E12000002,E14001091,E30000168,E08000015,E65000001,E01034838,E02001482,E33003176,E38000208,E63008503,UN1,7B3,53.396989,-3.011914,E37000022,,E23000004,200,E54000008,Birkenhead
CB2 5QB,CB2  5QB,CB2 5QB,198001,200609,0,542730,251397,1,E00092071,E10000003,E58001774,E07000012,E05011296,E40000013,E92000001,E12000006,E14001481,E30000186,E07000012,E65000001,E01018253,E02003788,E33026158,E38000260,E63010698,RSN1,6A1,52.142443,0.084371,E37000059,,E23000023,32777,E54000065,Cambridge
DT5 1GG,DT5  1GG,DT5 1GG,202309,202511,0,369239,74351,1,E00171474,E99999999,E99999999,E06000059,E05012709,E40000006,E92000001,E12000009,E14001485,E30000046,E06000059,E65000001,E01033200,E02004288,E33049639,E38000045,E63013988,RSF1,4A2,50.568079,-2.435704,E37000009,,E23000039,6203,E54000041,Dorchester and Weymouth
SO5 4FJ,SO5  4FJ,SO5 4FJ,198001,199412,0,445676,119162,1,E00115244,E10000014,E58000550,E07000086,E05011191,E40000005,E92000001,E12000008,E14001220,E30000267,E07000086,E65000001,E01022666,E02004718,E33037925,E38000266,E63013413,UN1,4A2,50.970063,-1.35086,E37000055,,E23000030,16120,E54000067,Southampton
CF3 0HT,CF3  0HT,CF3 0HT,199002,,0,323937,180884,1,W00009700,W99999999,W99999999,W06000015,W05001296,W99999999,W92000004,W99999999,W07000089,W22000024,W06000015,W31000001,W01001879,W02000379,W35002508,W11000029,W45001208,UN1,7A3,51.521732,-3.097713,W99999999,W99999999,W15000003,180,W99999999,Cardiff
EC1A1YZ,EC1A 1YZ,EC1A 1YZ,200210,,1,531073,182317,1,E00013578,E13000001,E99999999,E09000019,E05013702,E40000003,E92000001,E12000007,E14001306,E30000234,E09000019,E65000001,E01002726,E02000575,E33030209,E38000240,E63011980,UN1,3D3,51.524567,-0.112017,E37000051,,E23000001,11070,E54000071,London
SE218AX,SE21 8AX,SE21 8AX,198001,,0,532920,171942,1,E00015480,E13000001,E99999999,E09000022,E05014103,E40000003,E92000001,E12000007,E14001205,E30000234,E09000022,E65000001,E01003067,E02000650,E33035213,E38000244,E63012131,UN1,4A3,51.430899,-0.089309,E37000051,,E23000001,13955,E54000030,London
SO197AF,SO19 7AF,SO19 7AF,199412,,0,444384,111939,1,E00086961,E99999999,E99999999,E06000045,E05015499,E40000005,E92000001,E12000008,E14001499,E30000267,E06000045,E65000001,E01017217,E02003572,E33041025,E38000266,E63013524,UN1,6A4,50.905215,-1.370138,E37000055,,E23000030,10366,E54000067,Southampton
AB3 3HJ,AB3  3HJ,AB3 3HJ,197308,199008,0,377640,799340,8,S00138886,S99999999,S99999999,S12000034,S13002863,S99999999,S92000003,S99999999,S14000111,S22000047,S30000027,S99999999,S01013874,S02002580,S34003214,S03000013,,5,1A1,57.084502,-2.370544,S99999999,S99999999,S23000009,5848,S99999999,Aberdeen
RH2 8JR,RH2  8JR,RH2 8JR,198001,,0,525359,148594,1,E00156221,E10000030,E58001477,E07000211,E05012885,E40000005,E92000001,E12000008,E14001442,E30000196,E07000211,E65000001,E01030630,E02006387,E33044396,E38000267,E63012700,UN1,8D2,51.222783,-0.206221,E37000044,,E23000031,22576,E54000069,Crawley
CV7 9WY,CV7  9WY,CV7 9WY,200701,200701,1,433374,279470,1,E00185090,E11000005,E99999999,E08000026,E05001228,E40000011,E92000001,E12000005,E14001182,E30000195,E08000026,E65000001,E01034743,E02001988,E33018356,E38000251,E63010120,UN1,2B2,52.412235,-1.510767,E37000006,,E23000014,13010,E54000018,Coventry
AL3 8XZ,AL3  8XZ,AL3 8XZ,200302,200408,1,517328,206823,5,E00120196,E10000015,E58000664,E07000240,E05013949,E40000013,E92000001,E12000006,E14001507,E30000237,E07000240,E65000001,E01023667,E02004936,E33027453,E38000079,E63011552,UN1,5A2,51.747834,-0.301841,E37000048,,E23000027,30628,E54000065,Luton
OL1 4RQ,OL1  4RQ,OL1 4RQ,198001,,0,395235,407856,1,E00168624,E11000001,E99999999,E08000004,E05014662,E40000014,E92000001,E12000002,E14001415,E30000239,E08000004,E65000001,E01032558,E02001104,E33005164,E38000135,E63008292,UN1,7A3,53.567308,-2.073417,E37000015,,E23000005,1801,E54000057,Manchester
B18 7JA,B18  7JA,B18 7JA,198001,,0,405131,288152,1,E00047392,E11000005,E99999999,E08000025,E05011168,E40000011,E92000001,E12000005,E14001096,E30000169,E08000025,E65000001,E01009348,E02001873,E33020164,E38000258,E63010038,UN1,4A1,52.491272,-1.925855,E37000012,,E23000014,4437,E54000055,Birmingham
W1P 1HL,W1P  1HL,W1P 1HL,198001,200007,0,529497,181681,1,E00004199,E13000001,E99999999,E09000007,E05013653,E40000003,E92000001,E12000007,E14001290,E30000234,E09000007,E65000001,E01000850,E02000191,E33029296,E38000240,E63011985,UN1,2B2,51.519214,-0.134955,E37000051,,E23000001,19686,E54000071,London
CF7 8YR,CF7  8YR,CF7 8YR,198001,199507,1,305395,181478,1,W00006435,W99999999,W99999999,W06000016,W05001098,W99999999,W92000004,W99999999,W07000092,W22000024,W06000016,W31000001,W01001224,W02000282,W35002121,W11000030,W45001204,UN1,6A2,51.524266,-3.365052,W99999999,W99999999,W15000003,1904,W99999999,Cardiff
AB9 2AS,AB9  2AS,AB9 2AS,197308,199207,1,394010,805590,8,S00136580,S99999999,S99999999,S12000033,S13002846,S99999999,S92000003,S99999999,S14000061,S22000047,S30000026,S99999999,S01013566,S02002530,S34002969,S03000012,,1,2B1,57.141152,-2.100619,S99999999,S99999999,S23000009,1562,S99999999,Aberdeen
OL127ZY,OL12 7ZY,OL12 7ZY,200401,200806,1,389558,413347,1,E00027777,E11000001,E99999999,E08000005,E05014042,E40000014,E92000001,E12000002,E14001446,E30000239,E08000005,E65000001,E01005484,E02001141,E33002573,E38000080,E63008177,UN1,3A1,53.616579,-2.15932,E37000015,,E23000005,437,E54000057,Manchester
NR318RE,NR31 8RE,NR31 8RE,198001,,0,651537,304293,1,E00135184,E10000020,E58001002,E07000145,E05005789,E40000013,E92000001,E12000006,E14001256,E30000210,E07000145,E65000001,E01026603,E02005546,E33027892,E38000239,E63009745,UF1,7C2,52.578245,1.711195,E37000052,,E23000024,976,E54000068,Great Yarmouth
CB5 8JP,CB5  8JP,CB5 8JP,200508,,0,546098,259040,1,E00187732,E10000003,E58000078,E07000008,E05013057,E40000013,E92000001,E12000006,E14001149,E30000186,E07000008,E65000001,E01017983,E02003725,E33023599,E38000260,E63010556,UN1,2A3,52.210231,0.13684,E37000059,,E23000023,26070,E54000065,Cambridge
SW164EU,SW16 4EU,SW16 4EU,198001,,0,530560,169898,1,E00005428,E13000002,E99999999,E09000008,E05011473,E40000003,E92000001,E12000007,E14001527,E30000234,E09000008,E65000001,E01001085,E02000197,E33033100,E38000245,E63012338,UN1,3A2,51.413078,-0.12399,E37000051,,E23000001,15555,E54000031,London
WF1 4EP,WF1  4EP,WF1 4EP,198001,,0,433755,420476,1,E00060082,E11000006,E99999999,E08000036,E05001459,E40000012,E92000001,E12000003,E14001560,E30000283,E08000036,E65000001,E01034264,E02002454,E33012616,E38000190,E63008062,UN1,4B1,53.679679,-1.490453,E37000062,,E23000010,1714,E54000054,Wakefield and Castleford
CH7 5EA,CH7  5EA,CH7 5EA,199906,,0,320214,364517,1,W00001598,W99999999,W99999999,W06000005,W05001591,W99999999,W92000004,W99999999,W07000094,K01000011,W06000005,W31000001,W01000299,W02000076,W35001220,W11000023,W45000730,RSF1,6A3,53.171776,-3.195064,W99999999,W99999999,W15000001,1619,W99999999,Chester
LN5 7YA,LN5  7YA,LN5 7YA,198001,,0,496942,370248,1,E00132686,E10000019,E58000931,E07000138,E05010786,E40000011,E92000001,E12000004,E14001336,E30000231,E07000138,E65000001,E01034692,E02005449,E33016785,E38000238,E63008729,UN1,4A2,53.220471,-0.549535,E37000060,,E23000020,16339,E54000013,Lincoln
E98 1BN,E98  1BN,E98 1BN,200003,200009,1,534427,180564,8,E00183738,E13000001,E99999999,E09000030,E05009330,E40000003,E92000001,E12000007,E14001430,E30000234,E09000030,E65000001,E01035696,E02000889,E33030655,E38000255,E63012023,UN1,2B2,51.508026,-0.064367,E37000051,,E23000001,15535,E54000029,London
SK222WZ,SK22 2WZ,SK22 2WZ,200205,201106,1,403687,387028,1,E00099846,E10000007,E58001899,E07000037,E05010635,E40000011,E92000001,E12000004,E14001287,E30000239,E07000037,E65000001,E01019734,E02004098,E33016085,E38000261,E63008514,RLF1,7D1,53.380107,-1.946037,E37000045,,E23000018,26314,E54000058,Manchester
CA7 3SY,CA7  3SY,CA7 3SY,200006,,0,316574,543410,1,E00096429,E99999999,E99999999,E06000063,E05014171,E40000012,E92000001,E12000002,E14001424,E30000290,E06000063,E65000001,E01019081,E02003967,E33007757,E38000215,E63999999,RSN1,8C2,54.778645,-3.298565,E37000007,,E23000002,6953,E54000050,Workington
CB5 9LY,CB5  9LY,CB5 9LY,198001,200609,0,550166,266239,1,E00092304,E10000003,E58000102,E07000012,E05011301,E40000013,E92000001,E12000006,E14001224,E30000186,E07000012,E65000001,E01018298,E02003778,E33026112,E38000260,E63010385,RLN1,4A2,52.273813,0.199527,E37000059,,E23000023,25009,E54000065,Cambridge
HR2 0SB,HR2  0SB,HR2 0SB,198001,,0,334406,239122,1,E00070774,E99999999,E99999999,E06000019,E05009454,E40000011,E92000001,E12000005,E14001281,E30000216,E06000019,E65000001,E01014019,E02002924,E33021457,E38000236,E63999999,RSF1,1A3,52.0466,-2.95787,E37000036,,E23000016,13744,E54000019,Hereford
CM1 5EB,CM1  5EB,CM1 5EB,198001,199507,0,571012,209339,1,E00109422,E10000012,E58000415,E07000070,E05004098,E40000013,E92000001,E12000006,E14001402,E30000188,E07000070,E65000001,E01021543,E02004486,E33026466,E38000106,E63011563,UN1,5A2,51.756638,0.476369,E37000056,,E23000028,30243,E54000066,Chelmsford
DG9 0YF,DG9  0YF,DG9 0YF,200101,200101,0,197256,565920,5,S00146759,S99999999,S99999999,S12000006,S13002880,S99999999,S92000003,S99999999,S14000073,S22000079,S30000016,S99999999,S01015163,S02002808,S34000855,S03000005,,6,1A3,54.946617,-5.167189,S99999999,S99999999,S23000009,3361,S99999999,Stranraer
WA158HA,WA15 8HA,WA15 8HA,198001,,0,377307,388410,1,E00031411,E11000001,E99999999,E08000009,E05015239,E40000014,E92000001,E12000002,E14001065,E30000239,E08000009,E65000001,E01006193,E02001282,E33005955,E38000187,E63008496,UN1,5A1,53.392049,-2.342698,E37000015,,E23000005,30280,E54000057,Manchester
BH148PE,BH14 8PE,BH14 8PE,198001,,0,404219,91647,1,E00078170,E99999999,E99999999,E06000058,E05012673,E40000006,E92000001,E12000009,E14001429,E30000110,E06000058,E65000001,E01015463,E02003206,E33048223,E38000045,E63013860,UN1,5B1,50.72442,-1.941585,E37000009,,E23000039,28400,E54000041,Poole
NW4 3LZ,NW4  3LZ,NW4 3LZ,199507,199706,1,522895,188563,8,E00178897,E13000002,E99999999,E09000003,E05013649,E40000003,E92000001,E12000007,E14001279,E30000234,E09000003,E65000001,E01000310,E02000057,E33029092,E38000240,E63011868,UN1,3D1,51.582539,-0.227656,E37000051,,E23000001,15067,E54000071,London
N12 7BN,N12  7BN,N12 7BN,198001,,0,524515,192171,1,E00174896,E13000002,E99999999,E09000003,E05013646,E40000003,E92000001,E12000007,E14001169,E30000234,E09000003,E65000001,E01033911,E02000040,E33032343,E38000240,E63011868,UN1,4C3,51.614608,-0.203008,E37000051,,E23000001,22595,E54000071,London
WC2H0BQ,WC2H 0BQ,WC2H 0BQ,200012,201001,0,529981,180917,1,E00023959,E13000001,E99999999,E09000033,E05013806,E40000003,E92000001,E12000007,E14001172,E30000234,E09000033,E65000001,E01004734,E02000977,E33031193,E38000256,E63012036,UN1,3B2,51.512237,-0.128265,E37000051,,E23000001,7933,E54000071,London
DA5 1HJ,DA5  1HJ,DA5 1HJ,198001,,0,548806,174410,1,E00001790,E13000002,E99999999,E09000004,E05011219,E40000003,E92000001,E12000007,E14001089,E30000234,E09000004,E65000001,E01000363,E02000084,E33032548,E38000244,E63012138,UN1,6B1,51.449129,0.140086,E37000051,,E23000001,25379,E54000030,London
OL128BX,OL12 8BX,OL12 8BX,198001,,0,388670,418598,1,E00128714,E10000017,E58000830,E07000125,E05015826,E40000014,E92000001,E12000002,E14001450,E30000239,E07000125,E65000001,E01025360,E02005286,E33008654,E38000050,E63008102,UN1,8A1,53.663756,-2.172938,E37000019,,E23000003,10790,E54000048,Manchester
B26 3PP,B26  3PP,B26 3PP,198001,,0,415815,283728,1,E00047243,E11000005,E99999999,E08000025,E05011166,E40000011,E92000001,E12000005,E14001100,E30000169,E08000025,E65000001,E01009320,E02001907,E33018262,E38000258,E63999999,UN1,4C1,52.451298,-1.768711,E37000012,,E23000014,12173,E54000055,Birmingham
L8  6AA,L8   6AA,L8 6AA,201610,,0,335331,388240,1,E00182978,E11000002,E99999999,E08000012,E05015295,E40000014,E92000001,E12000002,E14001338,E30000233,E08000012,E65000001,E01006630,E02001390,E33006396,E38000101,E63008477,UN1,8D1,53.387041,-2.973788,E37000022,,E23000004,247,E54000008,Liverpool
BN998PN,BN99 8PN,BN99 8PN,201505,,1,517672,104182,1,E00159804,E10000032,E58001636,E07000223,E05007563,E40000005,E92000001,E12000008,E14001218,E30000292,E07000223,E65000001,E01031341,E02006541,E33044837,E38000265,E63013689,UN1,7D1,50.825222,-0.330646,E37000044,,E23000033,4639,E54000069,Worthing
CF827YL,CF82 7YL,CF82 7YL,199507,200806,1,315084,192918,1,W00007168,W99999999,W99999999,W06000018,W05001662,W99999999,W92000004,W99999999,W07000088,W22000024,W06000018,W31000001,W01001369,W02000301,W35000505,W11000028,W45001123,UN1,1B1,51.628646,-3.228198,W99999999,W99999999,W15000002,1101,W99999999,Cardiff
LS280BN,LS28 0BN,LS28 0BN,200711,200901,1,422159,433314,1,E00058535,E11000006,E99999999,E08000035,E05011409,E40000012,E92000001,E12000003,E14001325,E30000229,E08000035,E65000001,E01011612,E02002408,E33009645,E38000225,E63007884,UN1,8C1,53.795683,-1.665091,E37000062,,E23000010,8564,E54000054,Leeds
DN8 4WY,DN8  4WY,DN8 4WY,200611,200806,1,468707,413243,1,E00038679,E11000003,E99999999,E08000017,E05010745,E40000012,E92000001,E12000003,E14001199,E30000201,E08000017,E65000001,E01007639,E02001541,E33009040,E38000044,E63008162,UN1,7A2,53.611264,-0.962975,E37000054,,E23000011,8309,E54000061,Doncaster
BN252QJ,BN25 2QJ,BN25 2QJ,198001,,0,547103,99696,1,E00107079,E10000011,E58000391,E07000063,E05011602,E40000005,E92000001,E12000008,E14001330,E30000204,E07000063,E65000001,E01021082,E02004389,E33041666,E38000235,E63013766,UN1,6A4,50.778187,0.085152,E37000056,,E23000033,24253,E54000069,Eastbourne
TW184AU,TW18 4AU,TW18 4AU,198001,199606,1,503900,171800,8,E00180627,E10000030,E58001521,E07000213,E05007370,E40000005,E92000001,E12000008,E14001505,E30000266,E07000213,E65000001,E01034292,E02006406,E33039035,E38000267,E63012219,UN1,2D1,51.435681,-0.506636,E37000046,,E23000031,18041,E54000069,Slough and Heathrow
DE557JJ,DE55 7JJ,DE55 7JJ,199208,,0,441571,355871,1,E00098123,E10000007,E58001858,E07000032,E05014690,E40000011,E92000001,E12000004,E14001066,E30000240,E07000032,E65000001,E01019403,E02004031,E33015761,E38000261,E63008899,UN1,7A1,53.098448,-1.38061,E37000045,,E23000018,4660,E54000058,Mansfield
SO508ZG,SO50 8ZG,SO50 8ZG,199712,199906,1,448313,118780,6,E00115124,E10000014,E58000539,E07000086,E05011187,E40000005,E92000001,E12000008,E14001220,E30000267,E07000086,E65000001,E01022644,E02004716,E33042072,E38000266,E63013413,UN1,5A1,50.966414,-1.313358,E37000055,,E23000030,28710,E54000067,Southampton
CO3 3DH,CO3  3DH,CO3 3DH,198001,,0,599144,224660,1,E00188111,E10000012,E58000428,E07000071,E05010835,E40000013,E92000001,E12000006,E14001176,E30000193,E07000071,E65000001,E01021651,E02004518,E33026626,E38000117,E63011220,UN1,5A3,51.884931,0.892252,E37000056,,E23000028,14226,E54000066,Colchester
DG2 9SE,DG2  9SE,DG2 9SE,198001,,0,290443,576528,1,S00146409,S99999999,S99999999,S12000006,S13002883,S99999999,S92000003,S99999999,S14000073,S22000055,S30000016,S99999999,S01015245,S02002824,S34000890,S03000005,,5,1A3,55.07109,-3.717274,S99999999,S99999999,S23000009,3771,S99999999,Dumfries
LS297QQ,LS29 7QQ,LS29 7QQ,198001,,0,416881,445243,1,E00054339,E11000006,E99999999,E08000032,E05001366,E40000012,E92000001,E12000003,E14001472,E30000229,E08000032,E65000001,E01010770,E02002187,E33011441,E38000232,E63007752,RLF1,6A4,53.903094,-1.744563,E37000062,,E23000010,30751,E54000054,Leeds
GU101LE,GU10 1LE,GU10 1LE,198001,,0,488122,147617,1,E00155424,E10000030,E58001519,E07000209,E05014955,E40000005,E92000001,E12000008,E14001249,E30000212,E07000209,E65000001,E01030471,E02006360,E33044251,E38000267,E63012780,UN1,1A1,51.220956,-0.739534,E37000046,,E23000031,23618,E54000069,Guildford and Aldershot
G44 4TF,G44  4TF,G44 4TF,198001,,0,259042,660932,1,S00161452,S99999999,S99999999,S12000049,S13002973,S99999999,S92000003,S99999999,S14000087,S22000065,S30000052,S99999999,S01017135,S02003180,S34004978,S03000043,,1,8B1,55.820993,-4.251424,S99999999,S99999999,S23000009,5836,S99999999,Glasgow
PO5 2BG,PO5  2BG,PO5 2BG,198001,,0,464509,98945,1,E00086495,E99999999,E99999999,E06000044,E05002453,E40000005,E92000001,E12000008,E14001432,E30000254,E06000044,E65000001,E01017125,E02003545,E33037482,E38000137,E63013748,UN1,2A3,50.786486,-1.086236,E37000055,,E23000030,12048,E54000067,Portsmouth
EX391TP,EX39 1TP,EX39 1TP,199007,,0,243972,129335,1,E00102827,E10000008,E58000290,E07000046,E05011930,E40000006,E92000001,E12000009,E14001552,E30000167,E07000046,E65000001,E01020299,E02004220,E33049248,E38000230,E63013207,UF1,5B3,51.042121,-4.227053,E37000016,,E23000035,16535,E54000037,Bideford
CO4 5QS,CO4  5QS,CO4 5QS,198001,,0,600241,231924,1,E00110018,E10000012,E58000427,E07000071,E05010838,E40000013,E92000001,E12000006,E14001273,E30000193,E07000071,E65000001,E01021659,E02004506,E33026570,E38000117,E63011097,RSN1,6A3,51.949764,0.912392,E37000056,,E23000028,19398,E54000066,Colchester
CR9 6JW,CR9  6JW,CR9 6JW,199806,200603,1,532904,165801,1,E00004910,E13000002,E99999999,E09000008,E05011463,E40000003,E92000001,E12000007,E14001186,E30000234,E09000008,E65000001,E01000975,E02000215,E33029539,E38000245,E63012338,UN1,4C2,51.375716,-0.091838,E37000051,,E23000001,16380,E54000031,London
CF4 7EA,CF4  7EA,CF4 7EA,198001,199906,0,314300,180900,8,W00009744,W99999999,W99999999,W06000015,W05001297,W99999999,W92000004,W99999999,W07000090,W22000024,W06000015,W31000001,W01001895,W02000376,W35002498,W11000029,W45001208,UN1,7A3,51.520494,-3.236586,W99999999,W99999999,W15000003,345,W99999999,Cardiff
B79 7DU,B79  7DU,B79 7DU,202602,,0,418399,305310,1,E00152103,E10000028,E58001837,E07000199,E05007071,E40000011,E92000001,E12000005,E14001538,E30000169,E07000199,E65000001,E01029847,E02006217,E33022448,E38000153,E63009752,UN1,6A3,52.645237,-1.729499,E37000012,E37000032,E23000015,25460,E54000010,Birmingham
NP207AW,NP20 7AW,NP20 7AW,199906,,0,328677,190894,1,W00008433,W99999999,W99999999,W06000022,W05001630,W99999999,W92000004,W99999999,W07000104,K01000013,W06000022,W31000001,W01001617,W02000349,W35002399,W11000028,W45001174,UN1,8D2,51.612341,-3.03144,W99999999,W99999999,W15000002,47,W99999999,Newport
PL254YE,PL25 4YE,PL25 4YE,199512,201107,1,203796,52690,1,E00096081,E99999999,E99999999,E06000052,E05013853,E40000006,E92000001,E12000009,E14001508,E30000270,E06000052,E65000001,E01019013,E02003961,E33046149,E38000089,E63014099,UF1,8C2,50.341357,-4.758797,E37000005,,E23000035,11302,E54000036,St Austell and Newquay
SS4 1PZ,SS4  1PZ,SS4 1PZ,200112,200203,1,587856,190592,1,E00111520,E10000012,E58000452,E07000075,E05010853,E40000013,E92000001,E12000006,E14001501,E30000268,E07000075,E65000001,E01021955,E02004566,E33026845,E38000030,E63011886,UN1,7C3,51.582876,0.710065,E37000056,,E23000028,10247,E54000066,Southend
CW2 7NQ,CW2  7NQ,CW2 7NQ,198001,,1,369495,355020,1,E00093298,E99999999,E99999999,E06000049,E05008625,E40000014,E92000001,E12000002,E14001185,E30000197,E06000049,E65000001,E01018488,E02003832,E33007442,E38000233,E63008902,UN1,5A1,53.091527,-2.456955,E37000003,,E23000006,21539,E54000008,Crewe
S5  8YX,S5   8YX,S5 8YX,199507,200211,1,436372,391970,1,E00040847,E11000003,E99999999,E08000039,E05010878,E40000012,E92000001,E12000003,E14001466,E30000261,E08000019,E65000001,E01008059,E02001620,E33009210,E38000146,E63008489,UN1,4A1,53.423296,-1.454138,E37000054,,E23000011,1675,E54000061,Sheffield
WF9 3SJ,WF9  3SJ,WF9 3SJ,199405,,0,444817,410420,1,E00059844,E11000006,E99999999,E08000036,E05001457,E40000012,E92000001,E12000003,E14001383,E30000283,E08000036,E65000001,E01011866,E02002482,E33012727,E38000190,E63008202,UN1,8A2,53.588472,-1.324439,E37000062,,E23000010,3039,E54000054,Wakefield and Castleford
BA2 1NS,BA2  1NS,BA2 1NS,198001,,0,372132,164220,1,E00073040,E99999999,E99999999,E06000022,E05012488,E40000006,E92000001,E12000009,E14001080,E30000165,E06000022,E65000001,E01014462,E02002995,E33047222,E38000231,E63012364,UN1,8D2,51.37634,-2.401776,E37000037,,E23000036,4576,E54000040,Bath
BA112PR,BA11 2PR,BA11 2PR,198001,,0,381654,150706,1,E00147809,E99999999,E99999999,E06000066,E05014361,E40000006,E92000001,E12000009,E14001241,E30000280,E06000066,E65000001,E01029023,E02006047,E33046664,E38000150,E63999999,RSN1,1B2,51.255215,-2.26427,E37000016,,E23000036,20149,E54000038,Trowbridge
EX167AY,EX16 7AY,EX16 7AY,198001,,0,299945,112670,1,E00101562,E10000008,E58002116,E07000042,E05014805,E40000006,E92000001,E12000009,E14001548,E30000206,E07000042,E65000001,E01020059,E02004169,E33048970,E38000230,E63013545,RSN1,1B2,50.904796,-3.424366,E37000016,,E23000035,19447,E54000037,Exeter
NG9 1GY,NG9  1GY,NG9 1GY,198001,,0,452650,336021,1,E00143027,E10000024,E58001170,E07000172,E05010519,E40000011,E92000001,E12000004,E14001140,E30000249,E07000172,E65000001,E01028069,E02005863,E33017689,E38000243,E63009161,UN1,5A2,52.919055,-1.218394,E37000045,,E23000019,27899,E54000060,Nottingham
EH177RF,EH17 7RF,EH17 7RF,198001,,0,328693,669710,1,S00144917,S99999999,S99999999,S12000036,S13002934,S99999999,S92000003,S99999999,S14000080,S22000059,S30000008,S99999999,S01014603,S02002708,S34003751,S03000042,,1,4C1,55.915171,-3.142403,S99999999,S99999999,S23000009,3227,S99999999,Edinburgh
BT236RD,BT23 6RD,BT23 6RD,198412,,0,348951,361273,1,N20003467,N99999999,N99999999,N09000011,N08001127,N99999999,N92000002,N99999999,N05000016,N12000002,N09000011,N99999999,N21000776,N99999999,N19000109,ZC040,N99999999,,1A2,54.478045,-5.702788,N99999999,N99999999,N23000001,564,N99999999,Belfast
CF1 1RU,CF1  1RU,CF1 1RU,199806,199906,1,318400,176700,8,W00010130,W99999999,W99999999,W06000015,W05001274,W99999999,W92000004,W99999999,W07000091,W22000024,W06000015,W31000001,W01002019,W02000398,W35000811,W11000029,W45001208,UN1,2B2,51.483345,-3.176532,W99999999,W99999999,W15000003,833,W99999999,Cardiff
RG160QP,RG16 0QP,RG16 0QP,198001,199507,0,452100,180100,8,E00082266,E99999999,E99999999,E06000037,E05012147,E40000005,E92000001,E12000008,E14001439,E30000244,E06000037,E65000001,E01016286,E02003367,E33037051,E38000221,E63012053,RLF1,5B3,51.517428,-1.250522,E37000035,,E23000029,27382,E54000070,Newbury
OX9 7RP,OX9  7RP,OX9 7RP,198001,199212,0,462541,198499,1,E00145735,E10000025,E58002060,E07000179,E05009735,E40000005,E92000001,E12000008,E14001280,E30000250,E07000179,E65000001,E01028610,E02005964,E33038702,E38000136,E63011764,RLN1,1B1,51.681784,-1.096792,E37000053,,E23000029,26778,E54000070,Oxford
BD164AJ,BD16 4AJ,BD16 4AJ,198001,,0,411136,440080,1,E00053447,E11000006,E99999999,E08000032,E05001342,E40000012,E92000001,E12000003,E14001472,E30000018,E08000032,E65000001,E01010579,E02002192,E33011465,E38000232,E63007817,UN1,6A4,53.856844,-1.832185,E37000062,,E23000010,30816,E54000054,Bradford
RM7 1JW,RM7  1JW,RM7 1JW,200911,201012,1,550531,187941,1,E00176971,E13000002,E99999999,E09000016,E05013980,E40000003,E92000001,E12000007,E14001448,E30000234,E09000016,E65000001,E01033787,E02000480,E33031628,E38000255,E63011923,UN1,3A2,51.570252,0.170664,E37000051,,E23000001,13869,E54000029,London
IP257ER,IP25 7ER,IP25 7ER,198001,,0,590064,301845,1,E00134332,E10000020,E58001038,E07000143,E05010254,E40000013,E92000001,E12000006,E14001365,E30000135,E07000143,E65000001,E01026437,E02005510,E33027721,E38000239,E63999999,UF1,1B1,52.581209,0.803842,E37000052,,E23000024,18406,E54000068,Thetford and Mildenhall
KY160AG,KY16 0AG,KY16 0AG,198001,,0,342948,720896,1,S00153653,S99999999,S99999999,S12000047,S13002961,S99999999,S92000003,S99999999,S14000100,S22000078,S30000042,S99999999,S01016865,S02003134,S34001412,S03000007,,5,6B2,56.376891,-2.925365,S99999999,S99999999,S23000009,6118,S99999999,St Andrews and Cupar
BS107TR,BS10 7TR,BS10 7TR,198607,,1,357714,180973,1,E00189488,E99999999,E99999999,E06000025,E05012109,E40000006,E92000001,E12000009,E14001237,E30000180,E06000025,E65000001,E01014861,E02003094,E33045679,E38000222,E63012018,UN1,5A2,51.526075,-2.610924,E37000037,,E23000036,14305,E54000039,Bristol
WF120AE,WF12 0AE,WF12 0AE,198001,,0,424744,419502,1,E00056740,E11000006,E99999999,E08000034,E05001399,E40000012,E92000001,E12000003,E14001196,E30000219,E08000034,E65000001,E01011263,E02002294,E33011965,E38000254,E63008070,UN1,4C1,53.671426,-1.626948,E37000062,,E23000010,11351,E54000054,Huddersfield
OL111RJ,OL11 1RJ,OL11 1RJ,198001,,0,389680,412070,1,E00027700,E11000001,E99999999,E08000005,E05014042,E40000014,E92000001,E12000002,E14001446,E30000239,E08000005,E65000001,E01005475,E02001146,E33005334,E38000080,E63008177,UN1,4B2,53.605103,-2.157433,E37000015,,E23000005,2655,E54000057,Manchester
SO2 5DL,SO2  5DL,SO2 5DL,198001,199412,0,446268,113420,1,E00086885,E99999999,E99999999,E06000045,E05015497,E40000005,E92000001,E12000008,E14001499,E30000267,E06000045,E65000001,E01017205,E02003566,E33040998,E38000266,E63013524,UN1,7A3,50.918384,-1.343158,E37000055,,E23000030,2659,E54000067,Southampton
BD183HY,BD18 3HY,BD18 3HY,198001,,0,414341,437713,1,E00054344,E11000006,E99999999,E08000032,E05001362,E40000012,E92000001,E12000003,E14001472,E30000018,E08000032,E65000001,E01033689,E02002202,E33011512,E38000232,E63007845,UN1,7B3,53.835492,-1.783569,E37000062,,E23000010,4153,E54000054,Bradford
BD1 4RD,BD1  4RD,BD1 4RD,199007,,0,416176,434018,1,E00177767,E11000006,E99999999,E08000032,E05001345,E40000012,E92000001,E12000003,E14001118,E30000018,E08000032,E65000001,E01033693,E02006947,E33010694,E38000232,E63007920,UN1,4B2,53.802228,-1.75588,E37000062,,E23000010,384,E54000054,Bradford
PH201YB,PH20 1YB,PH20 1YB,199906,200006,1,269122,797266,6,S00163914,S99999999,S99999999,S12000017,S13003009,S99999999,S92000003,S99999999,S14000098,S22000050,S30000055,S21000003,S01017692,S02003283,S34001837,S03000044,,6,1A3,57.04781,-4.158982,S99999999,S99999999,S23000009,4065,S99999999,Aviemore and Grantown-on-Spey
BR8 8NF,BR8  8NF,BR8 8NF,198001,199012,1,552300,167800,8,E00124229,E10000016,E58000739,E07000111,E05009964,E40000005,E92000001,E12000008,E14001465,E30000234,E07000111,E65000001,E01024473,E02005089,E33038429,E38000237,E63012264,UN1,5A2,51.38881,0.187491,E37000056,,E23000032,23333,E54000032,London
CB1 6SE,CB1  6SE,CB1 6SE,198001,199812,0,562977,249837,3,E00091907,E10000003,E58000073,E07000012,E05011282,E40000013,E92000001,E12000006,E14001481,E30000186,E07000012,E65000001,E01018219,E02003790,E33026170,E38000260,E63010726,RSN1,1B1,52.122834,0.379243,E37000059,,E23000023,26328,E54000065,Cambridge
NP8 1DF,NP8  1DF,NP8 1DF,199308,,0,322214,217861,1,W00009790,W99999999,W99999999,W06000023,W05001126,W99999999,W92000004,W99999999,W07000085,W22000029,W06000023,W18000001,W01001904,W02000114,W35001390,W11000024,W45999999,RSF1,1A3,51.853903,-3.130795,W99999999,W99999999,W15000004,1474,W99999999,Merthyr Tydfil
FK1 2JD,FK1  2JD,FK1 2JD,198001,,0,290937,674091,1,S00153516,S99999999,S99999999,S12000014,S13002944,S99999999,S92000003,S99999999,S14000083,S22000070,S30000009,S99999999,S01016287,S02003016,S34001326,S03000010,,5,1B2,55.947433,-3.747954,S99999999,S99999999,S23000009,2107,S99999999,Livingston
DD2 1QW,DD2  1QW,DD2 1QW,198001,,0,336831,730436,1,S00148477,S99999999,S99999999,S12000042,S13002547,S99999999,S92000003,S99999999,S14000075,S22000056,S30000049,S99999999,S01015361,S02002847,S34004386,S03000039,,1,6A1,56.461806,-3.026699,S99999999,S99999999,S23000009,6152,S99999999,Dundee
DH3 9FW,DH3  9FW,DH3 9FW,202303,,1,427448,551094,1,E00104466,E99999999,E99999999,E06000047,E05016163,E40000012,E92000001,E12000001,E14001389,E30000245,E06000047,E65000001,E01020593,E02004293,E33000459,E38000234,E63007253,UN1,7A2,54.853904,-1.574017,E37000025,,E23000008,6616,E54000050,Newcastle
HP197AQ,HP19 7AQ,HP19 7AQ,200501,,0,479706,214016,1,E00169150,E99999999,E99999999,E06000060,E05015935,E40000005,E92000001,E12000008,E14001071,E30000218,E06000060,E65000001,E01032956,E02003667,E33041238,E38000223,E63011452,UN1,5A1,51.819103,-0.845013,E37000043,,E23000029,30417,E54000070,High Wycombe and Aylesbury
BT189SW,BT18 9SW,BT18 9SW,199101,,0,339691,378083,1,N20003574,N99999999,N99999999,N09000011,N08001130,N99999999,N92000002,N99999999,N05000013,N12000002,N09000011,N99999999,N21000805,N99999999,N19001614,ZC040,N99999999,,8C3,54.631575,-5.837559,N99999999,N99999999,N23000001,647,N99999999,Belfast
SE151DT,SE15 1DT,SE15 1DT,198001,,0,535108,177410,1,E00020074,E13000001,E99999999,E09000028,E05011109,E40000003,E92000001,E12000007,E14001421,E30000234,E09000028,E65000001,E01003988,E02000824,E33035989,E38000244,E63012110,UN1,3B1,51.47952,-0.055768,E37000051,,E23000001,7224,E54000030,London
RG249XP,RG24 9XP,RG24 9XP,201406,,0,462455,154130,1,E00185021,E10000014,E58000535,E07000084,E05013090,E40000005,E92000001,E12000008,E14001403,E30000164,E07000084,E65000001,E01034717,E02004684,E33039550,E38000266,E63012704,UN1,5A3,51.282895,-1.10587,E37000046,,E23000030,18777,E54000067,Basingstoke
DN332BG,DN33 2BG,DN33 2BG,198001,,0,526518,407352,1,E00066531,E99999999,E99999999,E06000012,E05001720,E40000012,E92000001,E12000003,E14001255,E30000211,E06000012,E65000001,E01013186,E02002741,E33013127,E38000119,E63008243,UN1,6B4,53.547592,-0.09196,E37000060,,E23000012,23008,E54000051,Grimsby
HG3 3NS,HG3  3NS,HG3 3NS,198001,,0,428790,464813,1,E00140776,E99999999,E99999999,E06000065,E05014292,E40000012,E92000001,E12000003,E14001475,E30000214,E06000065,E65000001,E01027643,E02005763,E33013503,E38000241,E63999999,RSN1,1B2,54.078455,-1.561474,E37000058,,E23000009,22251,E54000051,Harrogate
EC1V3QF,EC1V 3QF,EC1V 3QF,199812,201102,0,532261,182579,1,E00013458,E13000001,E99999999,E09000019,E05013699,E40000003,E92000001,E12000007,E14001306,E30000234,E09000019,E65000001,E01002706,E02000576,E33034790,E38000240,E63011980,UN1,3B3,51.526645,-0.094804,E37000051,,E23000001,10815,E54000071,London
HP209ER,HP20 9ER,HP20 9ER,200804,200905,1,482158,213995,1,E00089151,E99999999,E99999999,E06000060,E05015931,E40000005,E92000001,E12000008,E14001071,E30000218,E06000060,E65000001,E01017663,E02003666,E33037594,E38000223,E63011452,UN1,4B1,51.81856,-0.809452,E37000043,,E23000029,9076,E54000070,High Wycombe and Aylesbury
DA3 9BF,DA3  9BF,DA3 9BF,200907,201207,1,560225,168922,1,E00122647,E10000016,E58000696,E07000107,E05012401,E40000005,E92000001,E12000008,E14001191,E30000234,E07000107,E65000001,E01024158,E02005040,E33042910,E38000237,E63012295,UN1,5B2,51.39671,0.301801,E37000056,,E23000032,21842,E54000032,London
IP117LZ,IP11 7LZ,IP11 7LZ,198001,,0,631358,234901,1,E00153812,E10000029,E58001413,E07000244,E05012741,E40000013,E92000001,E12000006,E14001530,E30000222,E07000244,E65000001,E01030166,E02006299,E33028672,E38000086,E63011061,UN1,6A4,51.964426,1.3664,E37000052,,E23000025,32078,E54000068,Ipswich
NG220LF,NG22 0LF,NG22 0LF,198001,,0,473466,371039,1,E00142865,E10000024,E58001213,E07000171,E05006394,E40000011,E92000001,E12000004,E14001375,E30000291,E07000171,E65000001,E01028037,E02005849,E33014831,E38000008,E63008722,RLN1,1B1,53.231338,-0.900875,E37000045,,E23000019,18914,E54000060,Worksop and Retford
WA144ZJ,WA14 4ZJ,WA14 4ZJ,202604,,0,374440,386389,1,E00030847,E11000001,E99999999,E08000009,E05015241,E40000014,E92000001,E12000002,E14001065,E30000239,E08000009,E65000001,E01006087,E02001283,E33005959,E38000187,E63999999,RSN1,1B2,53.373752,-2.385643,E37000015,,E23000005,22793,E54000057,Manchester
WF1 2EQ,WF1  2EQ,WF1 2EQ,201106,,0,432610,423313,1,E00059969,E11000006,E99999999,E08000036,E05001464,E40000012,E92000001,E12000003,E14001560,E30000283,E08000036,E65000001,E01011887,E02002445,E33012577,E38000190,E63008062,UN1,6B2,53.70525,-1.50749,E37000062,,E23000010,26407,E54000054,Wakefield and Castleford
ML1 3RR,ML1  3RR,ML1 3RR,198001,,0,273733,658110,1,S00169998,S99999999,S99999999,S12000050,S13003058,S99999999,S92000003,S99999999,S14000099,S22000071,S30000053,S99999999,S01018751,S02003476,S34004612,S03000029,,1,8B2,55.799722,-4.015803,S99999999,S99999999,S23000009,1082,S99999999,Motherwell and Airdrie
BA149TR,BA14 9TR,BA14 9TR,199308,,0,384517,157631,1,E00163654,E99999999,E99999999,E06000054,E05013478,E40000006,E92000001,E12000009,E14001498,E30000280,E06000054,E65000001,E01032085,E02006684,E33050760,E38000231,E63012505,UN1,5A2,51.31757,-2.223547,E37000033,,E23000038,19161,E54000040,Trowbridge
ML110ER,ML11 0ER,ML11 0ER,198001,,0,281013,639646,1,S00178515,S99999999,S99999999,S12000029,S13003098,S99999999,S92000003,S99999999,S14000092,S22000071,S30000025,S99999999,S01019985,S02003700,S34002764,S03000030,,3,1B3,55.635763,-3.891708,S99999999,S99999999,S23000009,3636,S99999999,Motherwell and Airdrie
IV170XL,IV17 0XL,IV17 0XL,198001,,0,264259,871752,1,S00162493,S99999999,S99999999,S12000017,S13002995,S99999999,S92000003,S99999999,S14000069,S22000048,S30000055,S99999999,S01017872,S02003316,S34001651,S03000044,,6,1B2,57.714964,-4.280224,S99999999,S99999999,S23000009,4009,S99999999,Alness and Invergordon
N14 5WP,N14  5WP,N14 5WP,199812,200108,1,529643,194080,1,E00171481,E13000002,E99999999,E09000010,E05013692,E40000003,E92000001,E12000007,E14001503,E30000234,E09000010,E65000001,E01033927,E02000296,E33031738,E38000240,E63011803,UN1,3D1,51.630606,-0.128279,E37000051,,E23000001,20796,E54000071,London
B29 6NJ,B29  6NJ,B29 6NJ,198001,,0,403340,282314,1,E00047071,E11000005,E99999999,E08000025,E05011184,E40000011,E92000001,E12000005,E14001099,E30000169,E08000025,E65000001,E01009292,E02001925,E33020369,E38000258,E63010038,UN1,4C3,52.438802,-1.952289,E37000012,,E23000014,18688,E54000055,Birmingham
LL120HP,LL12 0HP,LL12 0HP,198001,,0,336653,357196,1,W00002218,W99999999,W99999999,W06000006,W05001756,W99999999,W92000004,W99999999,W07000111,W22000034,W06000006,W31000001,W01000418,W02000425,W35002690,W11000023,W45000756,RLN1,5B3,53.108191,-2.947728,W99999999,W99999999,W15000001,1415,W99999999,Wrexham
B75 5RB,B75  5RB,B75 5RB,200106,,0,413330,299442,1,E00175711,E11000005,E99999999,E08000025,E05011177,E40000011,E92000001,E12000005,E14001535,E30000169,E08000025,E65000001,E01009416,E02001829,E33019974,E38000258,E63009880,UN1,5A2,52.592631,-1.804651,E37000012,,E23000014,28041,E54000055,Birmingham
FY7 8GP,FY7  8GP,FY7 8GP,200006,201012,1,333372,447607,1,E00129834,E10000017,E58000771,E07000128,E05009946,E40000014,E92000001,E12000002,E14001104,E30000171,E07000128,E65000001,E01025582,E02005319,E33004098,E38000226,E63007749,UN1,7A2,53.920311,-3.015982,E37000019,,E23000003,365,E54000048,Blackpool
TN110FT,TN11 0FT,TN11 0FT,201805,,0,559928,145260,1,E00186765,E10000016,E58000742,E07000115,E05015052,E40000005,E92000001,E12000008,E14001549,E30000281,E07000115,E65000001,E01024767,E02005160,E33043515,E38000237,E63012792,UN1,6B3,51.184198,0.286946,E37000056,,E23000032,10976,E54000032,Tunbridge Wells
TN4 8RW,TN4  8RW,TN4 8RW,198001,,0,556112,139718,1,E00126041,E10000016,E58000747,E07000116,E05015812,E40000005,E92000001,E12000008,E14001555,E30000281,E07000116,E65000001,E01024830,E02005171,E33038562,E38000237,E63012991,RLF1,5B3,51.135457,0.229986,E37000056,,E23000032,16641,E54000032,Tunbridge Wells
SW8 3BS,SW8  3BS,SW8 3BS,199208,,0,528646,175934,1,E00015302,E13000001,E99999999,E09000022,E05014102,E40000003,E92000001,E12000007,E14001175,E30000234,E09000022,E65000001,E01003037,E02000630,E33035117,E38000244,E63012131,UN1,3A1,51.467761,-0.149306,E37000051,,E23000001,4779,E54000030,London
YO179NQ,YO17 9NQ,YO17 9NQ,198001,200207,0,483128,467440,1,E00170107,E99999999,E99999999,E06000065,E05014318,E40000012,E92000001,E12000003,E14001544,E30000238,E06000065,E65000001,E01027779,E02005791,E33013688,E38000241,E63999999,RSF1,1B3,54.096172,-0.730409,E37000058,,E23000009,10658,E54000051,Malton
NR219PP,NR21 9PP,NR21 9PP,198001,,0,586325,335451,1,E00135679,E10000020,E58000973,E07000146,E05012322,E40000013,E92000001,E12000006,E14001405,E30000225,E07000146,E65000001,E01026695,E02005552,E33027920,E38000239,E63999999,RSF1,1B1,52.884259,0.767777,E37000052,,E23000024,10236,E54000068,King's Lynn
SO3 4RJ,SO3  4RJ,SO3 4RJ,199002,199412,0,449479,114145,1,E00115400,E10000014,E58000540,E07000086,E05011196,E40000005,E92000001,E12000008,E14001263,E30000267,E07000086,E65000001,E01022703,E02004722,E33042102,E38000266,E63013528,UN1,5A1,50.924638,-1.297383,E37000055,,E23000030,24177,E54000067,Southampton
SE1 8JL,SE1  8JL,SE1 8JL,198001,,0,531544,179558,1,E00019802,E13000001,E99999999,E09000028,E05011114,E40000003,E92000001,E12000007,E14001085,E30000234,E09000028,E65000001,E01032584,E02006802,E33036897,E38000244,E63012110,UN1,3B3,51.499663,-0.10626,E37000051,,E23000001,8963,E54000030,London
EX123AB,EX12 3AB,EX12 3AB,198001,,0,320882,90283,1,E00100653,E10000008,E58000295,E07000040,E05011783,E40000006,E92000001,E12000009,E14001291,E30000263,E07000040,E65000001,E01019890,E02004137,E33048813,E38000230,E63013888,RLF1,8A2,50.706768,-3.121833,E37000016,,E23000035,25883,E54000037,Sidmouth
LN6 7AQ,LN6  7AQ,LN6 7AQ,198001,,0,496628,370536,1,E00132707,E10000019,E58000895,E07000138,E05010786,E40000011,E92000001,E12000004,E14001336,E30000231,E07000138,E65000001,E01034691,E02005449,E33016785,E38000238,E63008729,UN1,8D3,53.223116,-0.554149,E37000060,,E23000020,16339,E54000013,Lincoln
GL569TN,GL56 9TN,GL56 9TN,198001,,0,413192,232680,1,E00112851,E10000013,E58001997,E07000079,E05010712,E40000006,E92000001,E12000009,E14001386,E30000205,E07000079,E65000001,E01022205,E02004616,E33049746,E38000062,E63999999,RSF1,1B2,51.992426,-1.809277,E37000011,,E23000037,20167,E54000043,Evesham
EC3N2AH,EC3N 2AH,EC3N 2AH,199612,200111,1,533645,180910,1,E00000029,E13000001,E99999999,E09000001,E05009308,E40000003,E92000001,E12000007,E14001172,E30000234,E09000001,E65000001,E01000005,E02000001,E33028953,E38000255,E63012025,UN1,3B3,51.51132,-0.075498,E37000051,,E23000034,8678,E54000029,London
CF5 4PG,CF5  4PG,CF5 4PG,198001,,0,312504,175640,1,W00009028,W99999999,W99999999,W06000015,W05001276,W99999999,W92000004,W99999999,W07000092,W22000024,W06000015,W31000001,W01001744,W02000409,W35002635,W11000029,W45001208,UN1,7A3,51.472933,-3.261159,W99999999,W99999999,W15000003,92,W99999999,Cardiff
LU4 9FX,LU4  9FX,LU4 9FX,200012,200201,1,506521,223881,1,E00079782,E99999999,E99999999,E06000032,E05014749,E40000013,E92000001,E12000006,E14001345,E30000237,E06000032,E65000001,E01015785,E02003263,E33025270,E38000249,E63011256,UN1,4A3,51.903306,-0.453075,E37000057,,E23000026,10798,E54000065,Luton
UB5 5QP,UB5  5QP,UB5 5QP,198001,202408,1,513622,184072,1,E00006558,E13000002,E99999999,E09000009,E05013531,E40000003,E92000001,E12000007,E14001208,E30000266,E09000009,E65000001,E01001322,E02000241,E33033301,E38000256,E63012033,UN1,4C2,51.544117,-0.362883,E37000051,,E23000001,11458,E54000071,Slough and Heathrow
L41 6HH,L41  6HH,L41 6HH,198001,199906,0,331700,388600,8,E00036097,E11000002,E99999999,E08000015,E05000956,E40000014,E92000001,E12000002,E14001091,E30000168,E08000015,E65000001,E01007128,E02001482,E33006801,E38000208,E63008503,UN1,7A1,53.389818,-3.02845,E37000022,,E23000004,80,E54000008,Birkenhead
DN157HR,DN15 7HR,DN15 7HR,198001,,0,488182,411145,1,E00067274,E99999999,E99999999,E06000013,E05015092,E40000012,E92000001,E12000003,E14001462,E30000260,E06000013,E65000001,E01013333,E02002757,E33013199,E38000122,E63008235,UN1,6B1,53.589501,-0.669281,E37000060,,E23000012,21620,E54000051,Scunthorpe
PE380JQ,PE38 0JQ,PE38 0JQ,198001,,0,562193,298631,1,E00135597,E10000020,E58000981,E07000146,E05012326,E40000013,E92000001,E12000006,E14001497,E30000225,E07000146,E65000001,E01026679,E02005568,E33027998,E38000239,E63009832,RSF1,1B2,52.561358,0.391329,E37000052,,E23000024,14483,E54000068,King's Lynn
SL4 4RD,SL4  4RD,SL4 4RD,199612,199806,1,493815,175537,6,E00083781,E99999999,E99999999,E06000040,E05012500,E40000005,E92000001,E12000008,E14001588,E30000266,E06000040,E65000001,E01016597,E02003435,E33040354,E38000268,E63012122,UN1,6A1,51.471033,-0.650689,E37000035,,E23000029,30771,E54000070,Slough and Heathrow
L70 1DT,L70  1DT,L70 1DT,199301,199706,1,335243,390397,8,E00176691,E11000002,E99999999,E08000012,E05015283,E40000014,E92000001,E12000002,E14001338,E30000233,E08000012,E65000001,E01034405,E02006932,E33004621,E38000101,E63008477,UN1,2A2,53.406416,-2.975554,E37000022,,E23000004,11173,E54000008,Liverpool
HU7 3BW,HU7  3BW,HU7 3BW,200806,200808,0,508774,433869,5,E00189259,E99999999,E99999999,E06000010,E05011534,E40000012,E92000001,E12000003,E14001314,E30000220,E06000010,E65000001,E01012829,E02002657,E33012743,E38000085,E63007930,UN1,8A1,53.789799,-0.350359,E37000061,,E23000012,14660,E54000051,Hull
SP4 8PF,SP4  8PF,SP4 8PF,198001,,0,412997,144134,1,E00166419,E99999999,E99999999,E06000054,E05013403,E40000006,E92000001,E12000009,E14001217,E30000258,E06000054,E65000001,E01034542,E02006661,E33050642,E38000231,E63012853,UF1,2D2,51.196274,-1.815368,E37000033,,E23000038,29011,E54000040,Salisbury
NE237DQ,NE23 7DQ,NE23 7DQ,201406,,0,425634,574924,1,E00190041,E99999999,E99999999,E06000057,E05016105,E40000012,E92000001,E12000001,E14001183,E30000173,E06000057,E65000001,E01027412,E02005715,E33000607,E38000130,E63007143,UN1,7C2,55.068135,-1.600152,E37000025,,E23000007,2162,E54000050,Blyth and Ashington
TF1 5AT,TF1  5AT,TF1 5AT,200006,,0,367691,311236,1,E00187264,E99999999,E99999999,E06000020,E05015221,E40000011,E92000001,E12000005,E14001541,E30000278,E06000020,E65000001,E01014155,E02002941,E33021550,E38000257,E63009565,UN1,5A2,52.697845,-2.479522,E37000036,,E23000016,9793,E54000011,Telford
TR2 4AA,TR2  4AA,TR2 4AA,198001,,0,187034,46427,1,E00172791,E99999999,E99999999,E06000052,E05013341,E40000006,E92000001,E12000009,E14001554,E30000257,E06000052,E65000001,E01018846,E02003912,E33048452,E38000089,E63999999,RSF1,1B2,50.279287,-4.99051,E37000005,,E23000035,10978,E54000036,Redruth and Truro
G13 2EP,G13  2EP,G13 2EP,198001,,0,253637,669824,1,S00156982,S99999999,S99999999,S12000049,S13002980,S99999999,S92000003,S99999999,S14000089,S22000065,S30000052,S99999999,S01017642,S02003273,S34005287,S03000043,,1,8B2,55.89921,-4.342415,S99999999,S99999999,S23000009,1972,S99999999,Glasgow
N6  4QP,N6   4QP,N6 4QP,198001,,0,528190,188172,1,E00010079,E13000001,E99999999,E09000014,E05013592,E40000003,E92000001,E12000007,E14001265,E30000234,E09000014,E65000001,E01002010,E02000426,E33034118,E38000240,E63011909,UN1,2D2,51.577846,-0.151419,E37000051,,E23000001,14235,E54000071,London
TN133QY,TN13 3QY,TN13 3QY,198001,,0,553862,156599,1,E00124158,E10000016,E58000732,E07000111,E05005026,E40000005,E92000001,E12000008,E14001465,E30000281,E07000111,E65000001,E01024460,E02005096,E33043189,E38000237,E63012606,UN1,8A1,51.287746,0.205087,E37000056,,E23000032,18014,E54000032,Tunbridge Wells
RH6 8FZ,RH6  8FZ,RH6 8FZ,200106,200602,1,528409,143011,1,E00155938,E10000030,E58001503,E07000211,E05012876,E40000005,E92000001,E12000008,E14001201,E30000196,E07000211,E65000001,E01035362,E02006392,E33044417,E38000267,E63012884,UN1,5B2,51.171928,-0.164563,E37000044,,E23000031,25559,E54000069,Crawley
LD3 0YB,LD3  0YB,LD3 0YB,198001,,0,312815,238374,1,W00002292,W99999999,W99999999,W06000023,W05001122,W99999999,W92000004,W99999999,W07000085,W22000023,W06000023,W31000001,W01000430,W02000111,W35001372,W11000024,W45999999,RSF1,1B3,52.036896,-3.272436,W99999999,W99999999,W15000004,1319,W99999999,Brecon
SG8 1BG,SG8  1BG,SG8 1BG,200908,200910,1,,,9,,,,,,,,,,,,,,,,,,,,99.999999,0,,,,0,,#N/A
NP9 5YQ,NP9  5YQ,NP9 5YQ,199612,199806,1,330536,189071,6,W00008729,W99999999,W99999999,W06000022,W05001643,W99999999,W92000004,W99999999,W07000104,K01000013,W06000022,W31000001,W01001684,W02000352,W35002409,W11000028,W45001174,UN1,8B1,51.596185,-3.004235,W99999999,W99999999,W15000002,840,W99999999,Newport
E4  9JG,E4   9JG,E4 9JG,198106,,0,538266,191959,1,E00185705,E13000002,E99999999,E09000031,E05013889,E40000003,E92000001,E12000007,E14001167,E30000234,E09000031,E65000001,E01004379,E02000901,E33036351,E38000255,E63011885,UN1,4A3,51.609495,-0.004609,E37000051,,E23000001,22382,E54000029,London
UB1 3ZH,UB1  3ZH,UB1 3ZH,200406,200408,1,512632,179976,5,E00006784,E13000002,E99999999,E09000009,E05013537,E40000003,E92000001,E12000007,E14001209,E30000266,E09000009,E65000001,E01001362,E02000263,E33029658,E38000256,E63012033,UN1,4B1,51.5075,-0.378462,E37000051,,E23000001,8413,E54000071,Slough and Heathrow
SE137LD,SE13 7LD,SE13 7LD,198001,,0,538180,176136,1,E00016633,E13000001,E99999999,E09000023,E05013727,E40000003,E92000001,E12000007,E14001332,E30000234,E09000023,E65000001,E01034392,E02007008,E33035267,E38000244,E63012161,UN1,3B1,51.46733,-0.012056,E37000051,,E23000001,8690,E54000030,London
NG220HT,NG22 0HT,NG22 0HT,198001,,0,474133,371050,1,E00142868,E10000024,E58001213,E07000171,E05006394,E40000011,E92000001,E12000004,E14001375,E30000291,E07000171,E65000001,E01028038,E02005849,E33017631,E38000008,E63008722,RLN1,8D1,53.231345,-0.890882,E37000045,,E23000019,10903,E54000060,Worksop and Retford
HU176DB,HU17 6DB,HU17 6DB,200806,200908,1,505290,439461,1,E00065803,E99999999,E99999999,E06000011,E05001702,E40000012,E92000001,E12000003,E14001087,E30000220,E06000011,E65000001,E01013037,E02002702,E33009919,E38000052,E63007814,UN1,5A1,53.840755,-0.401311,E37000061,,E23000012,24798,E54000051,Hull
DA3 7PW,DA3  7PW,DA3 7PW,198001,,0,561341,168679,1,E00122648,E10000016,E58000696,E07000107,E05012401,E40000005,E92000001,E12000008,E14001191,E30000234,E07000107,E65000001,E01024160,E02005040,E33042907,E38000237,E63012295,UN1,6A2,51.394211,0.317719,E37000056,,E23000032,26840,E54000032,London
NW1 1UF,NW1  1UF,NW1 1UF,200112,200308,1,529704,183375,5,E00190469,E13000001,E99999999,E09000007,E05013669,E40000003,E92000001,E12000007,E14001290,E30000234,E09000007,E65000001,E01035709,E02000187,E33029532,E38000240,E63011985,UN1,3B2,51.534391,-0.13135,E37000051,,E23000001,5146,E54000071,London
NG8 9GB,NG8  9GB,NG8 9GB,200807,200908,1,452350,340566,4,E00069921,E99999999,E99999999,E06000018,E05012274,E40000011,E92000001,E12000004,E14001412,E30000249,E06000018,E65000001,E01013860,E02002892,E33014076,E38000243,E63009088,UN1,8A2,52.959937,-1.222124,E37000045,,E23000019,1992,E54000060,Nottingham
EC3R7NP,EC3R 7NP,EC3R 7NP,198704,198812,1,533300,180800,8,E00190458,E13000001,E99999999,E09000001,E05009291,E40000003,E92000001,E12000007,E14001172,E30000234,E09000001,E65000001,E01032739,E02000001,E33028997,E38000255,E63012025,UN1,2D3,51.510413,-0.080508,E37000051,,E23000034,20391,E54000029,London
WD194EU,WD19 4EU,WD19 4EU,200010,,0,511867,194507,1,E00121276,E10000015,E58000615,E07000103,E05011052,E40000013,E92000001,E12000006,E14001568,E30000237,E07000103,E65000001,E01023882,E02004979,E33027620,E38000079,E63011741,UN1,5B1,51.638257,-0.384857,E37000048,,E23000027,29193,E54000065,Luton
CB102DN,CB10 2DN,CB10 2DN,198001,,0,553917,239544,1,E00112189,E10000012,E58000454,E07000077,E05009924,E40000013,E92000001,E12000006,E14001402,E30000186,E07000077,E65000001,E01022078,E02004592,E33026976,E38000197,E63010974,UF1,8C1,52.032958,0.242372,E37000056,,E23000028,15984,E54000066,Cambridge
SA328BD,SA32 8BD,SA32 8BD,200501,,0,252066,215837,1,W00003632,W99999999,W99999999,W06000010,W05001201,W99999999,W92000004,W99999999,W07000087,W22000028,W06000010,W31000001,W01000675,W02000153,W35001593,W11000025,W45999999,RSN1,1B1,51.821527,-4.147839,W99999999,W99999999,W15000004,1278,W99999999,Llanelli
LS7 2AX,LS7  2AX,LS7 2AX,199912,200101,1,429490,436760,6,E00057241,E11000006,E99999999,E08000035,E05011390,E40000012,E92000001,E12000003,E14001321,E30000229,E08000035,E65000001,E01011354,E02002367,E33012279,E38000225,E63007883,UN1,3A1,53.826293,-1.553474,E37000062,,E23000010,1401,E54000054,Leeds
DN379EZ,DN37 9EZ,DN37 9EZ,198001,,0,524023,409496,1,E00066338,E99999999,E99999999,E06000012,E05001715,E40000012,E92000001,E12000003,E14001255,E30000211,E06000012,E65000001,E01013147,E02002734,E33013107,E38000119,E63008243,UN1,8C2,53.567446,-0.128745,E37000060,,E23000012,4514,E54000051,Grimsby
PR1 7XJ,PR1  7XJ,PR1 7XJ,198001,,0,353192,431016,1,E00128280,E10000017,E58000804,E07000123,E05012203,E40000014,E92000001,E12000002,E14001433,E30000255,E07000123,E65000001,E01025274,E02005263,E33008524,E38000227,E63007926,UN1,4A2,53.773382,-2.711696,E37000019,,E23000003,5116,E54000048,Preston
LL777BZ,LL77 7BZ,LL77 7BZ,198001,199707,0,243300,376200,8,W00000022,W99999999,W99999999,W06000001,W05001496,W99999999,W92000004,W99999999,W07000112,W22000022,W06000001,W31000001,W01000006,W02000006,W35000882,W11000023,W45999999,RSF1,1B1,53.259612,-4.350656,W99999999,W99999999,W15000001,1116,W99999999,Bangor and Holyhead
WF9 2JA,WF9  2JA,WF9 2JA,198001,,0,447415,410886,1,E00059807,E11000006,E99999999,E08000036,E05001457,E40000012,E92000001,E12000003,E14001383,E30000283,E08000036,E65000001,E01011861,E02002481,E33012726,E38000190,E63008195,UN1,7A1,53.592433,-1.285125,E37000062,,E23000010,17380,E54000054,Wakefield and Castleford
TA8 2AB,TA8  2AB,TA8 2AB,198001,200401,1,330577,149384,1,E00148280,E99999999,E99999999,E06000066,E05014348,E40000006,E92000001,E12000009,E14001126,E30000176,E06000066,E65000001,E01029116,E02006064,E33050195,E38000150,E63012740,UN1,7D3,51.239389,-2.99586,E37000016,,E23000036,10670,E54000038,Bridgwater
CO7 7HQ,CO7  7HQ,CO7 7HQ,198001,,0,608722,222022,1,E00112041,E10000012,E58000463,E07000076,E05011958,E40000013,E92000001,E12000006,E14001174,E30000193,E07000076,E65000001,E01022053,E02004581,E33026927,E38000117,E63999999,RSN1,1A2,51.857746,1.029626,E37000056,,E23000028,17945,E54000066,Colchester
TW165WG,TW16 5WG,TW16 5WG,200610,201111,1,509877,170157,1,E00156806,E10000030,E58001524,E07000213,E05007373,E40000005,E92000001,E12000008,E14001505,E30000266,E07000213,E65000001,E01030751,E02006410,E33044508,E38000267,E63012253,UN1,4A2,51.419788,-0.421191,E37000046,,E23000031,14069,E54000069,Slough and Heathrow
PE8 4AP,PE8  4AP,PE8 4AP,198001,,1,504276,288262,1,E00137578,E99999999,E99999999,E06000061,E05016223,E40000011,E92000001,E12000004,E14001179,E30000108,E06000061,E65000001,E01027049,E02005630,E33017163,E38000262,E63009999,RLN1,5B2,52.482344,-0.465915,E37000057,,E23000022,30322,E54000059,Peterborough
PL5 4EN,PL5  4EN,PL5 4EN,198001,,0,247086,60125,1,E00075929,E99999999,E99999999,E06000026,E05002078,E40000006,E92000001,E12000009,E14001426,E30000253,E06000026,E65000001,E01015028,E02003124,E33047857,E38000230,E63014082,UN1,7C1,50.421014,-4.153944,E37000016,,E23000035,2063,E54000037,Plymouth
WS7 8GX,WS7  8GX,WS7 8GX,199507,200303,1,413408,309713,1,E00150228,E10000028,E58001828,E07000194,E05010653,E40000011,E92000001,E12000005,E14001335,E30000288,E07000194,E65000001,E01029484,E02006150,E33019118,E38000153,E63009625,UN1,5A3,52.684963,-1.803086,E37000012,E37000032,E23000015,23616,E54000010,Wolverhampton and Walsall
EH4 5PS,EH4  5PS,EH4 5PS,198001,,0,321127,675597,1,S00141901,S99999999,S99999999,S12000036,S13002919,S99999999,S92000003,S99999999,S14000082,S22000059,S30000008,S99999999,S01014995,S02002779,S34003640,S03000042,,1,6B3,55.966868,-3.26514,S99999999,S99999999,S23000009,6276,S99999999,Edinburgh
SY245EH,SY24 5EH,SY24 5EH,198001,,0,264729,290100,1,W00002792,W99999999,W99999999,W06000008,W05001305,W99999999,W92000004,W99999999,W07000093,W22000021,W06000008,W31000001,W01000523,W02000116,W35001391,W11000025,W45000850,RSF1,1B2,52.492004,-3.993828,W99999999,W99999999,W15000004,1214,W99999999,Aberystwyth
CH2 1LB,CH2  1LB,CH2 1LB,198001,,0,341211,369569,1,E00092716,E99999999,E99999999,E06000050,E05012242,E40000014,E92000001,E12000002,E14001163,K01000011,E06000050,E65000001,E01018376,E02003797,E33007281,E38000233,K08000011,UN1,6A3,53.21992,-2.881928,E37000003,,E23000006,27465,E54000008,Chester
WV125FE,WV12 5FE,WV12 5FE,199101,,0,396751,302431,1,E00052518,E11000005,E99999999,E08000030,E05001319,E40000011,E92000001,E12000005,E14001594,E30000288,E08000030,E65000001,E01010398,E02002120,E33021110,E38000259,E63009801,UN1,6B2,52.619652,-2.049419,E37000001,,E23000014,26186,E54000062,Wolverhampton and Walsall
L60 7RF,L60  7RF,L60 7RF,198001,199906,0,327000,382500,8,E00036418,E11000002,E99999999,E08000015,E05000962,E40000014,E92000001,E12000002,E14001589,E30000168,E08000015,E65000001,E01007184,E02001503,E33006885,E38000208,E63008568,UN1,5B3,53.334367,-3.097696,E37000022,,E23000004,26672,E54000008,Birkenhead
SL4 5FE,SL4  5FE,SL4 5FE,199912,200010,1,495300,177000,8,E00083583,E99999999,E99999999,E06000040,E05012501,E40000005,E92000001,E12000008,E14001588,E30000266,E06000040,E65000001,E01016552,E02003432,E33040342,E38000268,E63012122,UN1,5A2,51.483936,-0.628921,E37000035,,E23000029,30774,E54000070,Slough and Heathrow
DH1 5ST,DH1  5ST,DH1 5ST,202111,,0,427144,545427,1,E00183257,E99999999,E99999999,E06000047,E05016178,E40000012,E92000001,E12000001,E14001173,E30000245,E06000047,E65000001,E01020709,E02004308,E33000518,E38000234,E63007282,UN1,5A2,54.802997,-1.57928,E37000025,,E23000008,21346,E54000050,Newcastle
L12 3YA,L12  3YA,L12 3YA,202004,202105,1,339971,392922,1,E00033544,E11000002,E99999999,E08000012,E05015337,E40000014,E92000001,E12000002,E14001341,E30000233,E08000012,E65000001,E01006619,E02001367,E33006291,E38000101,E63008477,UN1,5A1,53.429668,-2.904926,E37000022,,E23000004,9726,E54000008,Liverpool
DA146RS,DA14 6RS,DA14 6RS,198001,,0,545170,171932,1,E00002106,E13000002,E99999999,E09000004,E05011227,E40000003,E92000001,E12000007,E14001414,E30000234,E09000004,E65000001,E01000426,E02000090,E33032575,E38000244,E63012138,UN1,5A2,51.427806,0.086783,E37000051,,E23000001,24090,E54000030,London
LN118NE,LN11 8NE,LN11 8NE,198402,,0,536873,384298,1,E00132306,E10000019,E58000924,E07000137,E05009887,E40000011,E92000001,E12000004,E14001343,E30000264,E07000137,E65000001,E01026070,E02005432,E33016683,E38000238,E63008545,RSF1,1A3,53.337911,0.054208,E37000060,,E23000020,12469,E54000013,Skegness and Louth
NN141NE,NN14 1NE,NN14 1NE,198001,,0,483670,275526,1,E00137950,E99999999,E99999999,E06000061,E05016227,E40000011,E92000001,E12000004,E14001311,E30000224,E06000061,E65000001,E01027119,E02007070,E33017270,E38000262,E63999999,RLN1,6B2,52.371414,-0.772444,E37000057,,E23000022,12031,E54000059,Kettering and Wellingborough
SP102LT,SP10 2LT,SP10 2LT,198001,199405,0,436000,145100,8,E00117962,E10000014,E58001781,E07000093,E05012931,E40000005,E92000001,E12000008,E14001403,E30000159,E07000093,E65000001,E01023218,E02004819,E33038183,E38000266,E63012816,UN1,5A2,51.203979,-1.486077,E37000046,,E23000030,31728,E54000067,Andover
BL5 2BJ,BL5  2BJ,BL5 2BJ,198001,,0,364798,405295,1,E00024990,E11000001,E99999999,E08000001,E05014837,E40000014,E92000001,E12000002,E14001112,E30000239,E08000001,E65000001,E01004939,E02001014,E33004781,E38000016,E63008271,UN1,6B4,53.543124,-2.532687,E37000015,,E23000005,8892,E54000057,Manchester
SA625DR,SA62 5DR,SA62 5DR,198001,,0,199459,226450,1,W00003348,W99999999,W99999999,W06000009,W05001491,W99999999,W92000004,W99999999,W07000100,W22000009,W06000009,W31000001,W01000623,W02000129,W35001470,W11000025,W45999999,RSF1,1C3,51.900423,-4.916372,W99999999,W99999999,W15000004,1314,W99999999,Haverfordwest and Milford Haven
NE311QZ,NE31 1QZ,NE31 1QZ,198001,199501,1,430700,564700,8,E00182896,E11000007,E99999999,E08000023,E05001143,E40000012,E92000001,E12000001,E14001307,E30000245,E08000023,E65000001,E01008640,E02001777,E33001232,E38000163,E63007179,UN1,5B3,54.975978,-1.52192,E37000025,,E23000007,11594,E54000050,Newcastle
OX8 6SF,OX8  6SF,OX8 6SF,198001,200101,0,439139,213039,1,E00146685,E10000025,E58002079,E07000181,E05006644,E40000005,E92000001,E12000008,E14001090,E30000250,E07000181,E65000001,E01028799,E02005997,E33043978,E38000136,E63011462,RLF1,6B2,51.814624,-1.433625,E37000053,,E23000029,29206,E54000070,Oxford
CF142NU,CF14 2NU,CF14 2NU,199906,,0,315730,179480,1,W00009734,W99999999,W99999999,W06000015,W05001297,W99999999,W92000004,W99999999,W07000090,W22000024,W06000015,W31000001,W01001891,W02000386,W35002527,W11000029,W45001208,UN1,8C1,51.507944,-3.21564,W99999999,W99999999,W15000003,1322,W99999999,Cardiff
SY131YR,SY13 1YR,SY13 1YR,200302,200806,1,354207,341209,1,E00147147,E99999999,E99999999,E06000051,E05016081,E40000011,E92000001,E12000005,E14001398,E30000262,E06000051,E65000001,E01028895,E02006015,E33021770,E38000257,E63009097,RLF1,7A1,52.966289,-2.683253,E37000036,,E23000016,16180,E54000011,Shrewsbury
DE723NU,DE72 3NU,DE72 3NU,199208,,0,443982,333491,1,E00099440,E10000007,E58001866,E07000036,E05010609,E40000011,E92000001,E12000004,E14001228,E30000200,E07000036,E65000001,E01019654,E02004090,E33016043,E38000261,E63009205,RLN1,8C1,52.89709,-1.347641,E37000045,,E23000018,17400,E54000058,Derby
EH7 4ED,EH7  4ED,EH7 4ED,198001,,0,325527,675132,1,S00142182,S99999999,S99999999,S12000036,S13002930,S99999999,S92000003,S99999999,S14000079,S22000059,S30000008,S99999999,S01014891,S02002759,S34003646,S03000042,,1,2C2,55.963395,-3.194541,S99999999,S99999999,S23000009,5778,S99999999,Edinburgh
NW2 7YL,NW2  7YL,NW2 7YL,200404,200809,1,523943,186325,1,E00174902,E13000002,E99999999,E09000003,E05013631,E40000003,E92000001,E12000007,E14001238,E30000234,E09000003,E65000001,E01000142,E02000063,E33032477,E38000240,E63011868,UN1,3A2,51.562196,-0.213328,E37000051,,E23000001,17305,E54000071,London
CM169AZ,CM16 9AZ,CM16 9AZ,200705,200906,1,546120,202257,1,E00110528,E10000012,E58000430,E07000072,E05015727,E40000013,E92000001,E12000006,E14001226,E30000234,E07000072,E65000001,E01021757,E02004532,E33026700,E38000197,E63011674,UN1,5A3,51.700045,0.113034,E37000056,,E23000028,29787,E54000066,London
SW1P2PS,SW1P 2PS,SW1P 2PS,199002,199405,1,529500,178800,8,E00024005,E13000001,E99999999,E09000033,E05013807,E40000003,E92000001,E12000007,E14001172,E30000234,E09000033,E65000001,E01004744,E02000979,E33036779,E38000256,E63012036,UN1,2D3,51.493323,-0.135969,E37000051,,E23000001,10482,E54000071,London
PO381ST,PO38 1ST,PO38 1ST,198001,,0,456349,77518,1,E00087697,E99999999,E99999999,E06000046,E05013395,E40000005,E92000001,E12000008,E14001303,E30000070,E06000046,E65000001,E01017363,E02003598,E33041157,E38000266,E63013970,RLF1,5B3,50.594666,-1.205245,E37000055,,E23000030,3423,E54000067,Isle of Wight
SR5 3DR,SR5  3DR,SR5 3DR,198001,,0,435952,558308,1,E00044157,E11000007,E99999999,E08000024,E05001154,E40000012,E92000001,E12000001,E14001567,E30000275,E08000024,E65000001,E01008697,E02001798,E33001298,E38000176,E63007220,UN1,8A2,54.918192,-1.440671,E37000025,,E23000007,6017,E54000050,Sunderland
PO5 1TL,PO5  1TL,PO5 1TL,199912,200109,1,464343,100366,1,E00174470,E99999999,E99999999,E06000044,E05002443,E40000005,E92000001,E12000008,E14001432,E30000254,E06000044,E65000001,E01017032,E02006975,E33039731,E38000137,E63013748,UN1,2B2,50.799281,-1.088342,E37000055,,E23000030,3086,E54000067,Portsmouth
N11 9BQ,N11  9BQ,N11 9BQ,201008,201409,1,529036,192282,1,E00007621,E13000002,E99999999,E09000010,E05013686,E40000003,E92000001,E12000007,E14001503,E30000234,E09000010,E65000001,E01001529,E02000308,E33033607,E38000240,E63011803,UN1,3A2,51.614588,-0.137707,E37000051,,E23000001,6993,E54000071,London
SE145FW,SE14 5FW,SE14 5FW,201506,,0,535515,177248,1,E00182555,E13000001,E99999999,E09000023,E05013728,E40000003,E92000001,E12000007,E14001332,E30000234,E09000023,E65000001,E01003305,E02000655,E33035230,E38000244,E63012161,UN1,3B1,51.477967,-0.049972,E37000051,,E23000001,3393,E54000030,London
DN364GW,DN36 4GW,DN36 4GW,200709,,0,528863,405197,1,E00189294,E99999999,E99999999,E06000012,E05001718,E40000012,E92000001,E12000003,E14001128,E30000211,E06000012,E65000001,E01035480,E02002747,E33013148,E38000119,E63008281,UN1,6B2,53.527664,-0.057477,E37000060,,E23000012,28075,E54000051,Grimsby
GU124XH,GU12 4XH,GU12 4XH,198106,,0,487875,150685,1,E00117487,E10000014,E58000526,E07000092,E05008996,E40000005,E92000001,E12000008,E14001063,E30000212,E07000092,E65000001,E01032858,E02004810,E33038122,E38000266,E63012710,UN1,4A2,51.248575,-0.742317,E37000046,,E23000030,12610,E54000067,Guildford and Aldershot
BT309BZ,BT30 9BZ,BT30 9BZ,199912,200111,1,342000,350000,5,N20003319,N99999999,N99999999,N09000010,N08001020,N99999999,N92000002,N99999999,N05000015,N12000002,N09000010,N99999999,N21000746,N99999999,N19001100,ZC040,N99999999,,1A1,54.37884,-5.81533,N99999999,N99999999,N23000001,629,N99999999,Belfast
EH309JH,EH30 9JH,EH30 9JH,198001,,0,313478,677825,1,S00141222,S99999999,S99999999,S12000036,S13002919,S99999999,S92000003,S99999999,S14000082,S22000059,S30000008,S99999999,S01015077,S02002793,S34003909,S03000042,,2,8B2,55.985562,-3.388355,S99999999,S99999999,S23000009,4427,S99999999,Edinburgh
BB128NY,BB12 8NY,BB12 8NY,198001,,0,379235,434592,1,E00126314,E10000017,E58000797,E07000117,E05005157,E40000014,E92000001,E12000002,E14001142,E30000182,E07000117,E65000001,E01024883,E02005179,E33008125,E38000050,E63007886,UN1,8A2,53.807216,-2.316802,E37000019,,E23000003,5102,E54000048,Burnley
CM0 7EF,CM0  7EF,CM0 7EF,199606,,0,596112,199516,1,E00111269,E10000012,E58000457,E07000074,E05004202,E40000013,E92000001,E12000006,E14001351,E30000188,E07000074,E65000001,E01021906,E02004560,E33026815,E38000106,E63011724,RLF1,5B3,51.660207,0.834067,E37000056,,E23000028,17740,E54000066,Chelmsford
LL777NF,LL77 7NF,LL77 7NF,198001,,0,245393,375842,1,W00000053,W99999999,W99999999,W06000001,W05001497,W99999999,W92000004,W99999999,W07000112,W22000022,W06000001,W31000001,W01000012,W02000006,W35000883,W11000023,W45000677,RLF1,6B4,53.257011,-4.319133,W99999999,W99999999,W15000001,1494,W99999999,Bangor and Holyhead
EH2 4JR,EH2  4JR,EH2 4JR,199012,200805,1,324891,673945,1,S00142966,S99999999,S99999999,S12000036,S13002929,S99999999,S92000003,S99999999,S14000079,S22000059,S30000008,S99999999,S01014926,S02002767,S34000268,S03000042,,1,2B1,55.952634,-3.204396,S99999999,S99999999,S23000009,4705,S99999999,Edinburgh
W11 3LX,W11  3LX,W11 3LX,198001,,0,524777,180509,1,E00014484,E13000001,E99999999,E09000020,E05009400,E40000003,E92000001,E12000007,E14001310,E30000234,E09000020,E65000001,E01002883,E02000582,E33034826,E38000256,E63012062,UN1,2D2,51.509743,-0.203362,E37000051,,E23000001,22472,E54000071,London
SW1V1HS,SW1V 1HS,SW1V 1HS,198001,,0,529032,178761,1,E00024053,E13000001,E99999999,E09000033,E05013802,E40000003,E92000001,E12000007,E14001172,E30000234,E09000033,E65000001,E01004751,E02000981,E33031220,E38000256,E63012036,UN1,2D3,51.493079,-0.142721,E37000051,,E23000001,24060,E54000071,London
DY8 4BZ,DY8  4BZ,DY8 4BZ,201607,,0,389405,286305,1,E00050147,E11000005,E99999999,E08000027,E05015905,E40000011,E92000001,E12000005,E14001524,E30000202,E08000027,E65000001,E01009920,E02002023,E33020738,E38000259,E63010004,UN1,6B2,52.474585,-2.157405,E37000001,,E23000014,23889,E54000062,Dudley
BT800HL,BT80 0HL,BT80 0HL,198412,,0,293448,378010,1,N20002959,N99999999,N99999999,N09000009,N08000911,N99999999,N92000002,N99999999,N05000010,N12000004,N09000009,N99999999,N21000662,N99999999,N19000845,ZC020,N99999999,,1A1,54.64159,-6.553363,N99999999,N99999999,N23000001,206,N99999999,Cookstown and Magherafelt
BT330FN,BT33 0FN,BT33 0FN,201807,,0,340396,336385,1,N20003340,N99999999,N99999999,N09000010,N08001021,N99999999,N92000002,N99999999,N05000015,N12000002,N09000010,N99999999,N21000750,N99999999,N19001085,ZC040,N99999999,,5B3,54.25706,-5.846393,N99999999,N99999999,N23000001,321,N99999999,Belfast
SE6 1EJ,SE6  1EJ,SE6 1EJ,198001,,0,538651,172592,1,E00016271,E13000001,E99999999,E09000023,E05013717,E40000003,E92000001,E12000007,E14001331,E30000234,E09000023,E65000001,E01003219,E02000677,E33035319,E38000244,E63012161,UN1,4C2,51.435368,-0.006667,E37000051,,E23000001,15835,E54000030,London
B73 9WL,B73  9WL,B73 9WL,201208,201807,1,411676,296771,1,E00047753,E11000005,E99999999,E08000025,E05011178,E40000011,E92000001,E12000005,E14001535,E30000169,E08000025,E65000001,E01009424,E02001830,E33019979,E38000258,E63009880,UN1,5B1,52.568657,-1.82916,E37000012,,E23000014,19994,E54000055,Birmingham
EH260NP,EH26 0NP,EH26 0NP,198001,,0,324691,661826,1,S00165384,S99999999,S99999999,S12000019,S13003021,S99999999,S92000003,S99999999,S14000045,S22000059,S30000006,S99999999,S01018131,S02003361,S34001926,S03000032,,2,6B3,55.84374,-3.204219,S99999999,S99999999,S23000009,5553,S99999999,Edinburgh
SA3 9DS,SA3  9DS,SA3 9DS,202604,,1,267010,196107,1,W00010420,W99999999,W99999999,W06000011,W05001040,W99999999,W92000004,W99999999,W07000103,W22000032,W06000011,W31000001,W01000741,W02000181,W35000290,W11000031,W45001113,UN1,8A1,51.647989,-3.923604,W99999999,W99999999,W15000003,355,W99999999,Swansea
BT621UT,BT62 1UT,BT62 1UT,198412,,0,295629,359893,1,N20000358,N99999999,N99999999,N09000002,N08000239,N99999999,N92000002,N99999999,N05000017,N12000005,N09000002,N99999999,N21000080,N99999999,N19000921,ZC030,N99999999,,1A1,54.478488,-6.525479,N99999999,N99999999,N23000001,534,N99999999,Craigavon
FK147HY,FK14 7HY,FK14 7HY,198001,,0,295711,697816,1,S00145609,S99999999,S99999999,S12000005,S13002879,S99999999,S92000003,S99999999,S14000076,S22000061,S30000003,S99999999,S01015118,S02002801,S34000739,S03000009,,5,8C1,56.161559,-3.680795,S99999999,S99999999,S23000009,5275,S99999999,Falkirk and Stirling
AB116LL,AB11 6LL,AB11 6LL,199606,,0,394071,805446,1,S00136636,S99999999,S99999999,S12000033,S13002846,S99999999,S92000003,S99999999,S14000061,S22000047,S30000026,S99999999,S01013572,S02002531,S34003078,S03000012,,1,2C1,57.139859,-2.099608,S99999999,S99999999,S23000009,6609,S99999999,Aberdeen
FK2 8PY,FK2  8PY,FK2 8PY,199912,,0,288942,682979,1,S00152381,S99999999,S99999999,S12000014,S13002939,S99999999,S92000003,S99999999,S14000064,S22000061,S30000009,S99999999,S01016214,S02003000,S34001241,S03000010,,2,6B4,56.026793,-3.783556,S99999999,S99999999,S23000009,4661,S99999999,Falkirk and Stirling
DL1 4EF,DL1  4EF,DL1 4EF,198001,,0,429983,514291,1,E00062047,E99999999,E99999999,E06000005,E05010412,E40000012,E92000001,E12000001,E14001190,E30000199,E06000005,E65000001,E01012304,E02002570,E33001729,E38000247,E63007428,UN1,4A2,54.523039,-1.538297,E37000034,,E23000008,303,E54000050,Darlington
EX2 9AW,EX2  9AW,EX2 9AW,198001,,0,291374,91369,1,E00101380,E10000008,E58000254,E07000041,E05011022,E40000006,E92000001,E12000009,E14001231,E30000206,E07000041,E65000001,E01020032,E02004158,E33048913,E38000230,E63013856,UN1,5A1,50.711761,-3.539907,E37000016,,E23000035,11492,E54000037,Exeter
CA101TA,CA10 1TA,CA10 1TA,198001,,0,362837,528443,1,E00179338,E99999999,E99999999,E06000064,E05014225,E40000012,E92000001,E12000002,E14001580,E30000106,E06000064,E65000001,E01019319,E02004013,E33007989,E38000215,E63007365,RSF1,1B1,54.649719,-2.57746,E37000007,,E23000002,19090,E54000050,Penrith
B45 9WE,B45  9WE,B45 9WE,200106,,0,399786,278140,1,E00175785,E11000005,E99999999,E08000025,E05011136,E40000011,E92000001,E12000005,E14001097,E30000169,E08000025,E65000001,E01009159,E02001956,E33020471,E38000258,E63010038,UN1,5A2,52.401287,-2.004563,E37000012,,E23000014,11740,E54000055,Birmingham
NG9 2EG,NG9  2EG,NG9 2EG,198001,,0,453383,337218,1,E00143051,E10000024,E58001170,E07000172,E05010516,E40000011,E92000001,E12000004,E14001140,E30000249,E07000172,E65000001,E01028073,E02005860,E33017675,E38000243,E63009161,UN1,7A1,52.929742,-1.207297,E37000045,,E23000019,15007,E54000060,Nottingham
S7  2ED,S7   2ED,S7 2ED,198001,,0,433256,384106,1,E00040755,E11000003,E99999999,E08000039,E05010867,E40000012,E92000001,E12000003,E14001468,E30000261,E08000019,E65000001,E01008043,E02001656,E33011323,E38000146,E63008489,UN1,5A2,53.352818,-1.501851,E37000054,,E23000011,28373,E54000061,Sheffield
NE4 7TE,NE4  7TE,NE4 7TE,198001,199912,0,422302,563688,3,E00042046,E11000007,E99999999,E08000021,E05011445,E40000012,E92000001,E12000001,E14001377,E30000245,E08000021,E65000001,E01008291,E02001734,E33001076,E38000212,E63007169,UN1,7A3,54.967328,-1.653196,E37000025,,E23000007,137,E54000050,Newcastle
NN3 9FA,NN3  9FA,NN3 9FA,200311,,0,481060,262102,1,E00138074,E99999999,E99999999,E06000062,E05015977,E40000011,E92000001,E12000004,E14001407,E30000247,E06000062,E65000001,E01027140,E02005660,E33017304,E38000262,E63010463,UN1,4A1,52.251148,-0.813999,E37000057,,E23000022,185,E54000059,Northampton
SK136XT,SK13 6XT,SK13 6XT,199712,,0,401904,393429,1,E00099969,E10000007,E58001883,E07000037,E05010645,E40000011,E92000001,E12000004,E14001287,E30000239,E07000037,E65000001,E01019756,E02004096,E33016077,E38000261,E63008436,UN1,6B2,53.437652,-1.972803,E37000045,,E23000018,32764,E54000058,Manchester
NW9 8DE,NW9  8DE,NW9 8DE,198001,,0,520646,187126,1,E00003010,E13000002,E99999999,E09000005,E05013513,E40000003,E92000001,E12000007,E14001122,E30000234,E09000005,E65000001,E01000625,E02000101,E33032628,E38000256,E63011958,UN1,3D1,51.570109,-0.260593,E37000051,,E23000001,12420,E54000071,London
CB4 3XH,CB4  3XH,CB4 3XH,199612,,0,544668,261152,1,E00092106,E10000003,E58000069,E07000012,E05011297,E40000013,E92000001,E12000006,E14001512,E30000186,E07000012,E65000001,E01033120,E02003780,E33026118,E38000260,E63010556,UN1,4A1,52.229583,0.116829,E37000059,,E23000023,15854,E54000065,Cambridge
NR293BY,NR29 3BY,NR29 3BY,198001,,0,640778,316273,1,E00135368,E10000020,E58001034,E07000145,E05005799,E40000013,E92000001,E12000006,E14001256,E30000210,E07000145,E65000001,E01026636,E02005539,E33027857,E38000239,E63999999,RSF1,1B2,52.690602,1.561464,E37000052,,E23000024,11845,E54000068,Great Yarmouth
WF7 7RF,WF7  7RF,WF7 7RF,200209,,0,444721,417413,1,E00059323,E11000006,E99999999,E08000036,E05001444,E40000012,E92000001,E12000003,E14001383,E30000283,E08000036,E65000001,E01011767,E02002471,E33012693,E38000190,E63008115,RSN1,6B2,53.651331,-1.324887,E37000062,,E23000010,24125,E54000054,Wakefield and Castleford
HU7 6DW,HU7  6DW,HU7 6DW,198001,,0,509598,433686,1,E00064720,E99999999,E99999999,E06000010,E05011545,E40000012,E92000001,E12000003,E14001314,E30000220,E06000010,E65000001,E01012830,E02002657,E33012743,E38000085,E63007930,UN1,6B3,53.787983,-0.337922,E37000061,,E23000012,12557,E54000051,Hull
SG6 2BE,SG6  2BE,SG6 2BE,200112,200209,1,523363,231347,5,E00120055,E10000015,E58000648,E07000099,E05015771,E40000013,E92000001,E12000006,E14001393,E30000272,E07000099,E65000001,E01023639,E02004917,E33027361,E38000049,E63011093,UN1,5A3,51.966927,-0.205719,E37000048,,E23000027,26890,E54000065,Stevenage and Welwyn Garden City
GU114GJ,GU11 4GJ,GU11 4GJ,202509,,0,487092,151653,1,E00167936,E10000014,E58000525,E07000092,E05009000,E40000005,E92000001,E12000008,E14001063,E30000212,E07000092,E65000001,E01023141,E02004809,E33039565,E38000266,E63012710,UN1,2A1,51.257397,-0.753298,E37000046,,E23000030,20157,E54000067,Guildford and Aldershot
TF2 8RQ,TF2  8RQ,TF2 8RQ,199208,,0,371535,314028,1,E00071539,E99999999,E99999999,E06000020,E05015225,E40000011,E92000001,E12000005,E14001543,E30000278,E06000020,E65000001,E01014170,E02002931,E33021507,E38000257,E63009565,UN1,6B2,52.72316,-2.422886,E37000036,,E23000016,28054,E54000011,Telford
PL144EL,PL14 4EL,PL14 4EL,198001,,0,224520,63317,1,E00094764,E99999999,E99999999,E06000052,E05013303,E40000006,E92000001,E12000009,E14001486,E30000232,E06000052,E65000001,E01018772,E02003896,E33048377,E38000089,E63014041,UN1,1B1,50.443383,-4.47281,E37000005,,E23000035,22783,E54000036,Liskeard
PL9 8EA,PL9  8EA,PL9 8EA,198001,,0,253527,52976,1,E00076413,E99999999,E99999999,E06000026,E05002091,E40000006,E92000001,E12000009,E14001495,E30000253,E06000026,E65000001,E01015131,E02003151,E33047977,E38000230,E63014082,UN1,6A3,50.358405,-4.060549,E37000016,,E23000035,31190,E54000037,Plymouth
CV2 5BW,CV2  5BW,CV2 5BW,198001,,0,437748,279702,1,E00049182,E11000005,E99999999,E08000026,E05001235,E40000011,E92000001,E12000005,E14001180,E30000195,E08000026,E65000001,E01009717,E02001976,E33020541,E38000251,E63010120,UN1,5A2,52.414039,-1.44644,E37000006,,E23000014,21484,E54000018,Coventry
SW2 1PP,SW2  1PP,SW2 1PP,199412,,0,531342,174790,1,E00015346,E13000001,E99999999,E09000022,E05014098,E40000003,E92000001,E12000007,E14001205,E30000234,E09000022,E65000001,E01003043,E02000635,E33035143,E38000244,E63012131,UN1,3D2,51.456861,-0.11094,E37000051,,E23000001,11557,E54000030,London
CV311NW,CV31 1NW,CV31 1NW,198001,,0,433235,265054,1,E00159789,E10000031,E58001580,E07000222,E05012625,E40000011,E92000001,E12000005,E14001566,E30000228,E07000222,E65000001,E01031333,E02006528,E33022802,E38000251,E63010375,UN1,4C2,52.282644,-1.51423,E37000006,,E23000017,15895,E54000018,Leamington Spa
PO198FB,PO19 8FB,PO19 8FB,200910,202202,0,485953,104417,1,E00160593,E10000032,E58001615,E07000225,E05011666,E40000005,E92000001,E12000008,E14001166,E30000191,E07000225,E65000001,E01031490,E02006570,E33039210,E38000265,E63013680,UN1,5B3,50.832905,-0.780813,E37000044,,E23000033,18367,E54000069,Chichester and Bognor Regis
NR348LZ,NR34 8LZ,NR34 8LZ,198001,,0,640212,285890,1,E00154484,E10000029,E58001406,E07000244,E05012736,E40000013,E92000001,E12000006,E14001569,E30000235,E07000244,E65000001,E01030286,E02006312,E33028733,E38000239,E63999999,RSF1,1A3,52.418233,1.531133,E37000052,,E23000025,14021,E54000068,Lowestoft
B77 1GN,B77  1GN,B77 1GN,200106,,0,421193,301600,1,E00152156,E10000028,E58001854,E07000199,E05007074,E40000011,E92000001,E12000005,E14001538,E30000169,E07000199,E65000001,E01029864,E02006225,E33022474,E38000153,E63009752,UN1,6A4,52.611784,-1.688444,E37000012,E37000032,E23000015,28117,E54000010,Birmingham
EC2A1JJ,EC2A 1JJ,EC2A 1JJ,198410,199012,1,532700,181800,8,E00000021,E13000001,E99999999,E09000001,E05009302,E40000003,E92000001,E12000007,E14001172,E30000234,E09000001,E65000001,E01000002,E02000001,E33032176,E38000255,E63012025,UN1,2D3,51.519541,-0.088773,E37000051,,E23000034,30379,E54000029,London
HU4 6NP,HU4  6NP,HU4 6NP,198001,,0,505772,427938,1,E00064866,E99999999,E99999999,E06000010,E05011537,E40000012,E92000001,E12000003,E14001315,E30000220,E06000010,E65000001,E01012860,E02002682,E33012849,E38000085,E63007930,UN1,8D3,53.737131,-0.397936,E37000061,,E23000012,9279,E54000051,Hull
LL538ES,LL53 8ES,LL53 8ES,198001,,0,221188,330835,1,W00000275,W99999999,W99999999,W06000002,W05001556,W99999999,W92000004,W99999999,W07000096,W22000030,W06000002,W31000001,W01001932,W02000023,W35000981,W11000023,W45999999,RSF1,1A3,52.845272,-4.656594,W99999999,W99999999,W15000001,952,W99999999,Pwllheli and Porthmadog
G3  7TZ,G3   7TZ,G3 7TZ,198001,,0,256921,666065,1,S00158836,S99999999,S99999999,S12000049,S13002976,S99999999,S92000003,S99999999,S14000085,S22000065,S30000052,S99999999,S01017436,S02003235,S34005039,S03000043,,1,2B1,55.866451,-4.287954,S99999999,S99999999,S23000009,5783,S99999999,Glasgow
BL9 7AJ,BL9  7AJ,BL9 7AJ,198001,,0,381192,411077,1,E00025103,E11000001,E99999999,E08000002,E05014153,E40000014,E92000001,E12000002,E14001144,E30000239,E08000002,E65000001,E01004958,E02001026,E33004836,E38000024,E63008197,UN1,7A2,53.59594,-2.285646,E37000015,,E23000005,1891,E54000057,Manchester
AL2 1LF,AL2  1LF,AL2 1LF,199109,,0,517949,204461,1,E00120371,E10000015,E58000649,E07000240,E05013957,E40000013,E92000001,E12000006,E14001507,E30000237,E07000240,E65000001,E01023706,E02004941,E33027474,E38000079,E63011616,RLN1,5A2,51.726476,-0.29365,E37000048,,E23000027,27603,E54000065,Luton
SY131QP,SY13 1QP,SY13 1QP,198001,,0,354525,341581,1,E00147131,E99999999,E99999999,E06000051,E05016079,E40000011,E92000001,E12000005,E14001398,E30000262,E06000051,E65000001,E01028891,E02006015,E33021774,E38000257,E63009097,RLF1,7A1,52.96966,-2.678572,E37000036,,E23000016,7723,E54000011,Shrewsbury
LU6 3RE,LU6  3RE,LU6 3RE,198001,,0,503839,217748,1,E00088770,E99999999,E99999999,E06000056,E05014400,E40000013,E92000001,E12000006,E14001346,E30000237,E06000056,E65000001,E01017586,E02003650,E33025776,E38000249,E63011366,RSN1,1B2,51.848689,-0.493887,E37000057,,E23000026,15924,E54000065,Luton
NE5 1WY,NE5  1WY,NE5 1WY,200302,200403,1,420190,565572,5,E00042338,E11000007,E99999999,E08000021,E05011460,E40000012,E92000001,E12000001,E14001377,E30000245,E08000021,E65000001,E01008344,E02001726,E33001022,E38000212,E63007169,UN1,8D2,54.984348,-1.686054,E37000025,,E23000007,5756,E54000050,Newcastle
HP189BD,HP18 9BD,HP18 9BD,199606,201507,0,470502,207997,1,E00089247,E99999999,E99999999,E06000060,E05015959,E40000005,E92000001,E12000008,E14001360,E30000250,E06000060,E65000001,E01017681,E02003674,E33037602,E38000223,E63999999,RSN1,1A2,51.766229,-0.979742,E37000043,,E23000029,27183,E54000070,Oxford
B62 8LG,B62  8LG,B62 8LG,198001,,0,397336,285876,1,E00049569,E11000005,E99999999,E08000027,E05015911,E40000011,E92000001,E12000005,E14001261,E30000202,E08000027,E65000001,E01009792,E02002025,E33020745,E38000259,E63010055,UN1,8D2,52.470828,-2.040639,E37000001,,E23000014,8257,E54000062,Dudley
WS124ZY,WS12 4ZY,WS12 4ZY,200302,200403,1,398177,310473,5,E00149627,E10000028,E58001808,E07000192,E05015745,E40000011,E92000001,E12000005,E14001150,E30000288,E07000192,E65000001,E01029367,E02006128,E33019063,E38000028,E63009591,UN1,6B4,52.691954,-2.028403,E37000012,E37000032,E23000015,14023,E54000010,Wolverhampton and Walsall
SP1 3FQ,SP1  3FQ,SP1 3FQ,199405,,0,415830,132179,1,E00163115,E99999999,E99999999,E06000054,E05013439,E40000006,E92000001,E12000009,E14001460,E30000258,E06000054,E65000001,E01031984,E02006666,E33050665,E38000231,E63013173,UF1,5A1,51.088704,-1.775346,E37000033,,E23000038,32233,E54000040,Salisbury
SA626EY,SA62 6EY,SA62 6EY,199201,,0,188928,219480,1,W00002967,W99999999,W99999999,W06000009,W05001437,W99999999,W92000004,W99999999,W07000100,W22000009,W06000009,W31000001,W01000556,W02000133,W35001494,W11000025,W45000939,RSF1,1A4,51.833956,-5.064957,W99999999,W99999999,W15000004,1258,W99999999,Haverfordwest and Milford Haven
HX7 5WP,HX7  5WP,HX7 5WP,200611,201001,1,399170,427141,1,E00055049,E11000006,E99999999,E08000033,E05001372,E40000012,E92000001,E12000003,E14001147,E30000029,E08000033,E65000001,E01010923,E02002247,E33009363,E38000025,E63007972,RLN1,7A2,53.740665,-2.014064,E37000062,,E23000010,12584,E54000054,Halifax
EH2 1DY,EH2  1DY,EH2 1DY,198001,,0,325198,674097,1,S00142772,S99999999,S99999999,S12000036,S13002929,S99999999,S92000003,S99999999,S14000079,S22000059,S30000008,S99999999,S01014902,S02002762,S34000262,S03000042,,1,2B1,55.954047,-3.199523,S99999999,S99999999,S23000009,6711,S99999999,Edinburgh
S80 4RZ,S80  4RZ,S80 4RZ,198001,,0,453123,376652,1,E00098750,E10000007,E58001879,E07000033,E05011999,E40000011,E92000001,E12000004,E14001109,E30000291,E07000033,E65000001,E01019524,E02004046,E33015831,E38000261,E63008643,RLN1,5B3,53.284208,-1.204657,E37000045,,E23000018,19206,E54000058,Worksop and Retford
CH1 9LQ,CH1  9LQ,CH1 9LQ,202104,202405,1,341000,367109,1,E00188811,E99999999,E99999999,E06000050,E05012211,E40000014,E92000001,E12000002,E14001163,K01000011,E06000050,E65000001,E01035373,E02003802,E33003432,E38000233,K08000011,UN1,2A3,53.197786,-2.884632,E37000003,,E23000006,7928,E54000008,Chester
G75 8DN,G75  8DN,G75 8DN,198001,,0,262397,653340,1,S00177574,S99999999,S99999999,S12000029,S13003101,S99999999,S92000003,S99999999,S14000077,S22000065,S30000025,S99999999,S01020352,S02003763,S34002858,S03000030,,2,7A2,55.753797,-4.194083,S99999999,S99999999,S23000009,3008,S99999999,Glasgow
WD187RT,WD18 7RT,WD18 7RT,200010,,0,510109,196260,1,E00121360,E10000015,E58000677,E07000103,E05011056,E40000013,E92000001,E12000006,E14001568,E30000237,E07000103,E65000001,E01023900,E02004977,E33027613,E38000079,E63011741,UN1,4B1,51.65436,-0.409699,E37000048,,E23000027,16316,E54000065,Luton
LE2 3ZP,LE2  3ZP,LE2 3ZP,199501,199606,1,460000,300600,8,E00165826,E99999999,E99999999,E06000016,E05010468,E40000011,E92000001,E12000004,E14001327,E30000230,E06000016,E65000001,E01032599,E02006817,E33017978,E38000097,E63009743,UN1,6B1,52.599905,-1.11556,E37000021,,E23000021,23068,E54000015,Leicester
TN169BS,TN16 9BS,TN16 9BS,200705,200906,1,541833,159209,1,E00003162,E13000002,E99999999,E09000006,E05013989,E40000003,E92000001,E12000007,E14001137,E30000234,E09000006,E65000001,E01000657,E02000165,E33032919,E38000244,E63012282,UN1,7A3,51.314322,0.033745,E37000051,,E23000001,21964,E54000030,London
DN3 3PF,DN3  3PF,DN3 3PF,198001,,0,464397,402151,1,E00038553,E11000003,E99999999,E08000017,E05010736,E40000012,E92000001,E12000003,E14001199,E30000201,E08000017,E65000001,E01007601,E02001564,E33010950,E38000044,E63008343,RLN1,6A3,53.512127,-1.03039,E37000054,,E23000011,26828,E54000061,Doncaster
WF8 3PH,WF8  3PH,WF8 3PH,198001,,0,445560,420694,1,E00059751,E11000006,E99999999,E08000036,E05001456,E40000012,E92000001,E12000003,E14001428,E30000283,E08000036,E65000001,E01011846,E02002460,E33012642,E38000190,E63008060,UN1,6B4,53.680747,-1.311715,E37000062,,E23000010,18228,E54000054,Wakefield and Castleford
S40 1EE,S40  1EE,S40 1EE,198001,,0,436840,371107,1,E00098903,E10000007,E58001919,E07000034,E05015170,E40000011,E92000001,E12000004,E14001165,E30000190,E07000034,E65000001,E01019555,E02004063,E33015899,E38000261,E63008717,UN1,8D3,53.235743,-1.449514,E37000045,,E23000018,11481,E54000058,Chesterfield
SE154PZ,SE15 4PZ,SE15 4PZ,198001,199405,1,533800,176100,8,E00020458,E13000001,E99999999,E09000028,E05011113,E40000003,E92000001,E12000007,E14001421,E30000234,E09000028,E65000001,E01004061,E02000831,E33036027,E38000244,E63012110,UN1,3D2,51.468058,-0.075087,E37000051,,E23000001,13156,E54000030,London
ZE1 0GE,ZE1  0GE,ZE1 0GE,199405,,0,446061,1140729,1,S00174801,S99999999,S99999999,S12000027,S13003153,S99999999,S92000003,S99999999,S14000051,S22000039,S30000041,S99999999,S01019726,S02003652,S34002522,S03000037,,4,1A4,60.148479,-1.172307,S99999999,S99999999,S23000009,4778,S99999999,Shetland Islands
KA197EP,KA19 7EP,KA19 7EP,198001,,0,230160,610150,1,S00175723,S99999999,S99999999,S12000028,S13003093,S99999999,S92000003,S99999999,S14000107,S22000051,S30000024,S99999999,S01019772,S02003661,S34002602,S03000003,,3,5A1,55.35592,-4.680613,S99999999,S99999999,S23000009,2135,S99999999,Ayr
BR2 6JB,BR2  6JB,BR2 6JB,198106,,0,541919,164551,1,E00003186,E13000002,E99999999,E09000006,E05013990,E40000003,E92000001,E12000007,E14001137,E30000234,E09000006,E65000001,E01000666,E02000159,E33032892,E38000244,E63012282,UN1,6A4,51.362305,0.037105,E37000051,,E23000001,29934,E54000030,London
TS198PU,TS19 8PU,TS19 8PU,198001,,0,441827,520671,1,E00061634,E99999999,E99999999,E06000004,E05014868,E40000012,E92000001,E12000001,E14001518,E30000093,E06000004,E65000001,E01032543,E02002543,E33001612,E38000247,E63007405,UN1,7C2,54.579535,-1.354423,E37000034,,E23000013,801,E54000050,Middlesbrough and Stockton
SG111NA,SG11 1NA,SG11 1NA,198001,,0,539712,222598,1,E00119398,E10000015,E58000672,E07000242,E05015361,E40000013,E92000001,E12000006,E14001393,E30000186,E07000242,E65000001,E01023507,E02004883,E33027201,E38000049,E63011259,RLN1,5A1,51.884451,0.028559,E37000048,,E23000027,28621,E54000065,Cambridge
BB3 0HH,BB3  0HH,BB3 0HH,198001,,0,369124,422487,1,E00063757,E99999999,E99999999,E06000008,E05011514,E40000014,E92000001,E12000002,E14001450,E30000170,E06000008,E65000001,E01012649,E02002630,E33003365,E38000014,E63008053,UN1,7A2,53.697917,-2.469116,E37000019,,E23000003,929,E54000048,Blackburn
BT126GH,BT12 6GH,BT12 6GH,198412,,0,332488,373247,1,N20001098,N99999999,N99999999,N09000003,N08000312,N99999999,N92000002,N99999999,N05000003,N12000002,N09000003,N99999999,N21000255,N99999999,N19000656,ZC010,N99999999,,8B1,54.590101,-5.951202,N99999999,N99999999,N23000001,102,N99999999,Belfast
BT133AX,BT13 3AX,BT13 3AX,198412,,0,331889,374805,1,N20001407,N99999999,N99999999,N09000003,N08000360,N99999999,N92000002,N99999999,N05000004,N12000002,N09000003,N99999999,N21000327,N99999999,N19000653,ZC010,N99999999,,7A1,54.604244,-5.959763,N99999999,N99999999,N23000001,28,N99999999,Belfast
SN2 7SN,SN2  7SN,SN2 7SN,200006,,0,416293,188617,1,E00078666,E99999999,E99999999,E06000030,E05010757,E40000006,E92000001,E12000009,E14001536,E30000276,E06000030,E65000001,E01015556,E02003216,E33048269,E38000231,E63011948,UN1,8A1,51.596167,-1.766168,E37000033,,E23000038,24045,E54000040,Swindon
KY169ND,KY16 9ND,KY16 9ND,198001,,0,349145,716057,1,S00153756,S99999999,S99999999,S12000047,S13002962,S99999999,S92000003,S99999999,S14000100,S22000078,S30000042,S99999999,S01016855,S02003132,S34001536,S03000007,,2,6A4,56.334129,-2.824101,S99999999,S99999999,S23000009,6750,S99999999,St Andrews and Cupar
OX9 5LB,OX9  5LB,OX9 5LB,198001,200007,0,467364,193423,1,E00146065,E10000025,E58002102,E07000179,E05009751,E40000005,E92000001,E12000008,E14001280,E30000250,E07000179,E65000001,E01028679,E02005965,E33043818,E38000136,E63999999,RSN1,1B2,51.635594,-1.028018,E37000053,,E23000029,18227,E54000070,Oxford
OX8 6RE,OX8  6RE,OX8 6RE,198001,200101,0,438581,212500,1,E00146687,E10000025,E58002079,E07000181,E05006644,E40000005,E92000001,E12000008,E14001090,E30000250,E07000181,E65000001,E01028799,E02005997,E33043978,E38000136,E63011462,RLF1,6B4,51.809816,-1.441779,E37000053,,E23000029,29206,E54000070,Oxford
DL6 2LT,DL6  2LT,DL6 2LT,198001,,0,440748,504721,1,E00140632,E99999999,E99999999,E06000065,E05014295,E40000012,E92000001,E12000003,E14001444,E30000246,E06000065,E65000001,E01027617,E02005752,E33013430,E38000241,E63999999,RSN1,1A3,54.43629,-1.373311,E37000058,,E23000009,24679,E54000051,Northallerton
RH2 0BZ,RH2  0BZ,RH2 0BZ,199208,,0,525563,151099,1,E00156193,E10000030,E58001518,E07000211,E05012884,E40000005,E92000001,E12000008,E14001442,E30000196,E07000211,E65000001,E01030627,E02006383,E33044371,E38000267,E63012700,UN1,5B1,51.245253,-0.202425,E37000044,,E23000031,31130,E54000069,Crawley
IV1 9DD,IV1  9DD,IV1 9DD,201111,201210,1,266758,845637,1,S00163179,S99999999,S99999999,S12000017,S13003003,S99999999,S92000003,S99999999,S14000094,S22000068,S30000055,S99999999,S01017789,S02003299,S34001821,S03000044,,2,2C2,57.481316,-4.223949,S99999999,S99999999,S23000009,458,S99999999,Inverness
HP156RX,HP15 6RX,HP15 6RX,198001,,0,489766,196714,1,E00165834,E99999999,E99999999,E06000060,E05015970,E40000005,E92000001,E12000008,E14001162,E30000218,E06000060,E65000001,E01032609,E02006823,E33045344,E38000223,E63011826,UN1,6B2,51.662053,-0.703562,E37000043,,E23000029,27637,E54000070,High Wycombe and Aylesbury
EX153FJ,EX15 3FJ,EX15 3FJ,201810,202601,0,307585,113240,5,E00101581,E10000008,E58002117,E07000042,E05014806,E40000006,E92000001,E12000009,E14001548,E30000206,E07000042,E65000001,E01020063,E02004166,E33048956,E38000230,E63999999,RSN1,1A3,50.911195,-3.315884,E37000016,,E23000035,21482,E54000037,Exeter
LE192BQ,LE19 2BQ,LE19 2BQ,200304,,0,454810,298446,1,E00130046,E10000018,E58000849,E07000129,E05015265,E40000011,E92000001,E12000004,E14001488,E30000230,E07000129,E65000001,E01025627,E02005338,E33016229,E38000051,E63009846,UN1,6B3,52.58109,-1.192534,E37000021,,E23000021,19015,E54000015,Leicester
B21 8PH,B21  8PH,B21 8PH,198001,,0,403380,290430,1,E00047037,E11000005,E99999999,E08000025,E05011143,E40000011,E92000001,E12000005,E14001098,E30000169,E08000025,E65000001,E01009272,E02001862,E33020117,E38000258,E63010038,UN1,4C1,52.511765,-1.951621,E37000012,,E23000014,2580,E54000055,Birmingham
CA212YG,CA21 2YG,CA21 2YG,198001,,0,301642,507095,1,E00097337,E99999999,E99999999,E06000063,E05014190,E40000012,E92000001,E12000002,E14001583,E30000286,E06000063,E65000001,E01019258,E02004006,E33007942,E38000215,E63007463,RSF1,1A4,54.449704,-3.518432,E37000007,,E23000002,24142,E54000050,Whitehaven
SO506ZL,SO50 6ZL,SO50 6ZL,199706,200806,1,444584,119980,1,E00115262,E10000014,E58000550,E07000086,E05011192,E40000005,E92000001,E12000008,E14001220,E30000267,E07000086,E65000001,E01022675,E02004713,E33037933,E38000266,E63013413,UN1,5A1,50.977504,-1.366311,E37000055,,E23000030,31348,E54000067,Southampton
PL189AR,PL18 9AR,PL18 9AR,198001,,0,242326,71226,1,E00094660,E99999999,E99999999,E06000052,E05013277,E40000006,E92000001,E12000009,E14001486,E30000232,E06000052,E65000001,E01018754,E02003892,E33048359,E38000089,E63014006,RSF1,1B1,50.519514,-4.225579,E37000005,,E23000035,10851,E54000036,Liskeard
SN8 4QG,SN8  4QG,SN8 4QG,199912,200605,1,418619,168995,1,E00162515,E99999999,E99999999,E06000054,E05013444,E40000006,E92000001,E12000009,E14001217,E30000276,E06000054,E65000001,E01031863,E02006635,E33046804,E38000231,E63012254,RLN1,7A1,51.419665,-1.733621,E37000033,,E23000038,28212,E54000040,Swindon
GL524TR,GL52 4TR,GL52 4TR,198001,200007,0,396885,227209,1,E00114054,E10000013,E58002038,E07000083,E05015484,E40000006,E92000001,E12000009,E14001542,E30000189,E07000083,E65000001,E01022433,E02007035,E33050059,E38000062,E63011181,UN1,6A2,51.94338,-2.046717,E37000011,,E23000037,32390,E54000043,Cheltenham
BL2 1NN,BL2  1NN,BL2 1NN,199301,,0,372194,408607,1,E00024400,E11000001,E99999999,E08000001,E05014832,E40000014,E92000001,E12000002,E14001111,E30000239,E08000001,E65000001,E01004817,E02001005,E33004742,E38000016,E63008201,UN1,4B1,53.573337,-2.421375,E37000015,,E23000005,5003,E54000057,Manchester
SW183JP,SW18 3JP,SW18 3JP,198001,,0,527204,173128,1,E00023299,E13000001,E99999999,E09000032,E05014027,E40000003,E92000001,E12000007,E14001550,E30000234,E09000032,E65000001,E01004625,E02000949,E33036602,E38000245,E63012154,UN1,5A2,51.442869,-0.171063,E37000051,,E23000001,27625,E54000031,London
SA334AQ,SA33 4AQ,SA33 4AQ,198109,,0,226660,216572,1,W00003872,W99999999,W99999999,W06000010,W05001221,W99999999,W92000004,W99999999,W07000087,W22000028,W06000010,W31000001,W01000720,W02000418,W35002671,W11000025,W45000946,RSF1,1B1,51.820824,-4.516479,W99999999,W99999999,W15000004,1200,W99999999,Llanelli
KA3 1TQ,KA3  1TQ,KA3 1TQ,201006,,0,241966,639109,1,S00148895,S99999999,S99999999,S12000008,S13002893,S99999999,S92000003,S99999999,S14000110,S22000069,S30000017,S99999999,S01015687,S02002905,S34000926,S03000001,,2,6B2,55.619816,-4.511083,S99999999,S99999999,S23000009,3221,S99999999,Kilmarnock and Irvine
AB106SD,AB10 6SD,AB10 6SD,199606,,0,393135,805613,1,S00136590,S99999999,S99999999,S12000033,S13002844,S99999999,S92000003,S99999999,S14000061,S22000047,S30000026,S99999999,S01013558,S02002528,S34003058,S03000012,,1,2C3,57.141347,-2.115078,S99999999,S99999999,S23000009,6411,S99999999,Aberdeen
PL3 5BT,PL3  5BT,PL3 5BT,200112,200112,1,250353,53862,1,E00181166,E99999999,E99999999,E06000026,E05002092,E40000006,E92000001,E12000009,E14001495,E30000253,E06000026,E65000001,E01034157,E02003152,E33045789,E38000230,E63014082,UN1,5A1,50.365569,-4.105492,E37000016,,E23000035,11559,E54000037,Plymouth
LA5 0DN,LA5  0DN,LA5 0DN,198001,,0,345814,478745,1,E00097748,E99999999,E99999999,E06000064,E05014236,E40000014,E92000001,E12000002,E14001372,E30000223,E06000064,E65000001,E01034080,E02004025,E33008082,E38000228,E63007567,RLF1,5B2,54.201587,-2.832143,E37000007,,E23000002,24413,E54000048,Kendal
CT117EN,CT11 7EN,CT11 7EN,201403,,0,638150,165781,1,E00125212,E10000016,E58000726,E07000114,E05005090,E40000005,E92000001,E12000008,E14001216,E30000241,E07000114,E65000001,E01024668,E02005146,E33043444,E38000237,E63012334,UF1,8B1,51.341202,1.41804,E37000056,,E23000032,8109,E54000032,Margate and Ramsgate
M23 0QF,M23  0QF,M23 0QF,200308,,0,380367,390288,1,E00026669,E11000001,E99999999,E08000003,E05011353,E40000014,E92000001,E12000002,E14001602,E30000239,E08000003,E65000001,E01005262,E02001088,E33005104,E38000217,E63008510,UN1,4A3,53.409052,-2.296805,E37000015,,E23000005,6090,E54000057,Manchester
EH9 1ZE,EH9  1ZE,EH9 1ZE,200309,200601,1,325454,671912,1,S00144174,S99999999,S99999999,S12000036,S13002933,S99999999,S92000003,S99999999,S14000080,S22000059,S30000008,S99999999,S01014642,S02002715,S34003819,S03000042,,1,2C3,55.93446,-3.194819,S99999999,S99999999,S23000009,6617,S99999999,Edinburgh
TF1 2GN,TF1  2GN,TF1 2GN,202004,,0,364570,310793,1,E00071372,E99999999,E99999999,E06000020,E05015215,E40000011,E92000001,E12000005,E14001543,E30000278,E06000020,E65000001,E01014134,E02002939,E33021543,E38000257,E63009565,UN1,6A4,52.693667,-2.525654,E37000036,,E23000016,27424,E54000011,Telford
CA4 9LW,CA4  9LW,CA4 9LW,198001,200006,0,351562,556709,1,E00097167,E99999999,E99999999,E06000063,E05014183,E40000012,E92000001,E12000002,E14001152,K01000010,E06000063,E65000001,E01019224,E02003993,E33007879,E38000215,E63007212,RSN1,1A2,54.902749,-2.756908,E37000007,,E23000002,25728,E54000050,Carlisle
SK8 2AN,SK8  2AN,SK8 2AN,198001,,0,386470,388559,1,E00029292,E11000001,E99999999,E08000007,E05015019,E40000014,E92000001,E12000002,E14001158,E30000239,E08000007,E65000001,E01005779,E02001208,E33005639,E38000174,E63008501,UN1,8A1,53.393705,-2.204922,E37000015,,E23000005,14836,E54000057,Manchester
SO535YZ,SO53 5YZ,SO53 5YZ,199412,200207,1,444617,119991,1,E00115262,E10000014,E58000550,E07000086,E05011192,E40000005,E92000001,E12000008,E14001220,E30000267,E07000086,E65000001,E01022675,E02004713,E33037933,E38000266,E63013413,UN1,5A1,50.9776,-1.36584,E37000055,,E23000030,31348,E54000067,Southampton
AB116ZB,AB11 6ZB,AB11 6ZB,199606,201503,1,394406,802269,1,S00137116,S99999999,S99999999,S12000033,S13002847,S99999999,S92000003,S99999999,S14000061,S22000047,S30000026,S99999999,S01013587,S02002534,S34003036,S03000012,,1,6A3,57.111325,-2.094001,S99999999,S99999999,S23000009,5522,S99999999,Aberdeen
M60 4BQ,M60  4BQ,M60 4BQ,200603,200806,1,385022,398985,1,E00180796,E11000001,E99999999,E08000003,E05011376,E40000014,E92000001,E12000002,E14001352,E30000239,E08000003,E65000001,E01033651,E02006902,E33004395,E38000217,E63008401,UN1,2A3,53.487378,-2.227194,E37000015,,E23000005,13409,E54000057,Manchester
SK4 4LX,SK4  4LX,SK4 4LX,198001,,0,388376,391636,1,E00029694,E11000001,E99999999,E08000007,E05015026,E40000014,E92000001,E12000002,E14001517,E30000239,E08000007,E65000001,E01005863,E02001192,E33005563,E38000174,E63008478,UN1,5B1,53.421408,-2.176374,E37000015,,E23000005,18451,E54000057,Manchester
LS157QB,LS15 7QB,LS15 7QB,198001,,0,436122,435138,1,E00058742,E11000006,E99999999,E08000035,E05011400,E40000012,E92000001,E12000003,E14001320,E30000229,E08000035,E65000001,E01011665,E02002379,E33012314,E38000225,E63007883,UN1,6B3,53.811298,-1.452914,E37000062,,E23000010,1979,E54000054,Leeds
SO1 2BW,SO1  2BW,SO1 2BW,198001,199412,0,441590,112513,1,E00086549,E99999999,E99999999,E06000045,E05015490,E40000005,E92000001,E12000008,E14001499,E30000267,E06000045,E65000001,E01017136,E02003571,E33041023,E38000266,E63013524,UN1,2A3,50.910584,-1.409807,E37000055,,E23000030,15117,E54000067,Southampton
LE652AY,LE65 2AY,LE65 2AY,201911,,0,435504,317916,1,E00187423,E10000018,E58000833,E07000134,E05010094,E40000011,E92000001,E12000004,E14001404,E30000183,E07000134,E65000001,E01035100,E02005399,E33015100,E38000201,E63009480,UN1,1B3,52.75771,-1.475346,E37000021,,E23000021,28003,E54000015,Burton upon Trent
TN4 9TF,TN4  9TF,TN4 9TF,201007,,0,558291,140040,1,E00186677,E10000016,E58000747,E07000116,E05015804,E40000005,E92000001,E12000008,E14001555,E30000281,E07000116,E65000001,E01035012,E02005169,E33043573,E38000237,E63012976,UF1,2D1,51.137752,0.261246,E37000056,,E23000032,25038,E54000032,Tunbridge Wells
BS309QS,BS30 9QS,BS30 9QS,199712,,0,367165,171628,1,E00075470,E99999999,E99999999,E06000025,E05012104,E40000006,E92000001,E12000009,E14001394,E30000180,E06000025,E65000001,E01014936,E02003119,E33047839,E38000222,E63012145,UN1,6B2,51.442682,-2.473825,E37000037,,E23000036,21363,E54000039,Bristol
PL277AE,PL27 7AE,PL27 7AE,198001,,0,199057,72279,1,E00095823,E99999999,E99999999,E06000052,E05013358,E40000006,E92000001,E12000009,E14001385,E30000282,E06000052,E65000001,E01018972,E02003939,E33046130,E38000089,E63013998,RLF1,7A2,50.515714,-4.83581,E37000005,,E23000035,13666,E54000036,Wadebridge
OX8 1JR,OX8  1JR,OX8 1JR,198001,200101,0,443197,209510,1,E00146630,E10000025,E58002075,E07000181,E05006639,E40000005,E92000001,E12000008,E14001090,E30000250,E07000181,E65000001,E01028785,E02006003,E33044009,E38000136,E63011522,RLN1,5B3,51.782598,-1.3752,E37000053,,E23000029,28140,E54000070,Oxford
BB2 9FT,BB2  9FT,BB2 9FT,202507,,1,368116,427503,1,E00063805,E99999999,E99999999,E06000008,E05011511,E40000014,E92000001,E12000002,E14001102,E30000170,E06000008,E65000001,E01012655,E02002620,E33003376,E38000014,E63007969,UN1,4A1,53.742938,-2.484901,E37000019,,E23000003,35,E54000048,Blackburn
SW202FX,SW20 2FX,SW20 2FX,202002,202602,1,524340,170167,1,E00017203,E13000002,E99999999,E09000024,E05013816,E40000003,E92000001,E12000007,E14001586,E30000234,E09000024,E65000001,E01003403,E02000692,E33030431,E38000245,E63012245,UN1,2D1,51.416892,-0.21329,E37000051,,E23000001,29724,E54000031,London
M6  7DH,M6   7DH,M6 7DH,199405,,0,380589,399580,1,E00028756,E11000001,E99999999,E08000006,E05013030,E40000014,E92000001,E12000002,E14001459,E30000239,E08000006,E65000001,E01005680,E02001173,E33005460,E38000143,E63008377,UN1,3C1,53.492581,-2.29404,E37000015,,E23000005,280,E54000057,Manchester
G46 9YY,G46  9YY,G46 9YY,201603,,1,255973,659781,5,S00151495,S99999999,S99999999,S12000011,S13002916,S99999999,S92000003,S99999999,S14000021,S22000065,S30000020,S99999999,S01016134,S02002985,S34001125,S03000017,,1,5B2,55.809753,-4.299756,S99999999,S99999999,S23000009,3379,S99999999,Glasgow
NG146LQ,NG14 6LQ,NG14 6LQ,198001,,0,461183,349505,1,E00143446,E10000024,E58001176,E07000173,E05009690,E40000011,E92000001,E12000004,E14001471,E30000249,E07000173,E65000001,E01028152,E02005866,E33017701,E38000243,E63008985,RLN1,6B3,53.039347,-1.088957,E37000045,,E23000019,17921,E54000060,Nottingham
CA166UL,CA16 6UL,CA16 6UL,198001,,0,368826,520502,1,E00097583,E99999999,E99999999,E06000064,E05014218,E40000012,E92000001,E12000002,E14001580,E30000106,E06000064,E65000001,E01019307,E02004013,E33007987,E38000215,E63007400,RLF1,1A2,54.578765,-2.483801,E37000007,,E23000002,25163,E54000050,Penrith
CA119BH,CA11 9BH,CA11 9BH,198001,199706,1,351000,530300,8,E00097717,E99999999,E99999999,E06000064,E05014243,E40000012,E92000001,E12000002,E14001424,E30000106,E06000064,E65000001,E01019335,E02004010,E33003780,E38000215,E63007347,UN1,1B3,54.665391,-2.7612,E37000007,,E23000002,16814,E54000050,Penrith
CO7 7RW,CO7  7RW,CO7 7RW,199405,,0,605513,229474,1,E00111601,E10000012,E58000463,E07000076,E05011933,E40000013,E92000001,E12000006,E14001273,E30000193,E07000076,E65000001,E01021972,E02004577,E33026906,E38000117,E63011138,RSN1,5B2,51.925845,0.987532,E37000056,,E23000028,19122,E54000066,Colchester
TF1 4NA,TF1  4NA,TF1 4NA,199501,200006,0,366359,312790,1,E00071224,E99999999,E99999999,E06000020,E05015208,E40000011,E92000001,E12000005,E14001543,E30000278,E06000020,E65000001,E01014103,E02002934,E33021517,E38000257,E63009565,UN1,1B1,52.711733,-2.49939,E37000036,,E23000016,26267,E54000011,Telford
PE280WH,PE28 0WH,PE28 0WH,200206,202105,1,509977,267761,1,E00091584,E10000003,E58000051,E07000011,E05011267,E40000013,E92000001,E12000006,E14001298,E30000221,E07000011,E65000001,E01018153,E02003767,E33023702,E38000260,E63010359,RLN1,5B2,52.296991,-0.38872,E37000059,,E23000023,24949,E54000065,Huntingdon
LN6 9JY,LN6  9JY,LN6 9JY,198001,,0,488391,357933,1,E00132992,E10000019,E58000888,E07000139,E05014439,E40000011,E92000001,E12000004,E14001476,E30000231,E07000139,E65000001,E01026192,E02005458,E33016827,E38000238,E63999999,RSN1,1A2,53.111291,-0.68096,E37000060,,E23000020,13486,E54000013,Lincoln
BS8 3HG,BS8  3HG,BS8 3HG,198001,,0,357080,174119,1,E00073472,E99999999,E99999999,E06000023,E05010893,E40000006,E92000001,E12000009,E14001131,E30000180,E06000023,E65000001,E01014544,E02003041,E33047451,E38000222,E63012168,UN1,2D1,51.464403,-2.619227,E37000037,,E23000036,28589,E54000039,Bristol
CV230LE,CV23 0LE,CV23 0LE,201904,,0,452254,277949,1,E00186855,E10000031,E58001567,E07000220,E05008976,E40000011,E92000001,E12000005,E14001453,E30000195,E07000220,E65000001,E01035028,E02007049,E33022582,E38000251,E63010190,UN1,1B2,52.397089,-1.233457,E37000006,,E23000017,21511,E54000018,Coventry
G33 2EB,G33  2EB,G33 2EB,200710,,0,262479,665451,1,S00159093,S99999999,S99999999,S12000049,S13002984,S99999999,S92000003,S99999999,S14000086,S22000065,S30000052,S99999999,S01017302,S02003212,S34005047,S03000043,,1,7B3,55.862557,-4.198902,S99999999,S99999999,S23000009,1949,S99999999,Glasgow
EH558EW,EH55 8EW,EH55 8EW,198001,,0,301203,662841,1,S00181589,S99999999,S99999999,S12000040,S13002825,S99999999,S92000003,S99999999,S14000095,S22000070,S30000012,S99999999,S01020630,S02003812,S34004172,S03000035,,2,7D3,55.848615,-3.579534,S99999999,S99999999,S23000009,3210,S99999999,Livingston
CM187PG,CM18 7PG,CM18 7PG,198001,,0,544675,207949,1,E00111045,E10000012,E58000437,E07000073,E05015690,E40000013,E92000001,E12000006,E14001267,E30000186,E07000073,E65000001,E01021859,E02004553,E33024043,E38000197,E63011534,UN1,4A1,51.751564,0.094503,E37000056,,E23000028,8483,E54000066,Cambridge
LL152PR,LL15 2PR,LL15 2PR,198001,,0,310845,351665,1,W00001105,W99999999,W99999999,W06000004,W05001340,W99999999,W92000004,W99999999,W07000094,W22000031,W06000004,W31000001,W01000207,W02000056,W35001131,W11000023,W45999999,RSF1,1A3,53.054792,-3.331613,W99999999,W99999999,W15000001,1155,W99999999,Rhyl
DN4 6PE,DN4  6PE,DN4 6PE,198001,,0,461760,401755,1,E00038116,E11000003,E99999999,E08000017,E05010732,E40000012,E92000001,E12000003,E14001198,E30000201,E08000017,E65000001,E01007522,E02001562,E33010940,E38000044,E63008314,UN1,8D3,53.508883,-1.070226,E37000054,,E23000011,3156,E54000061,Doncaster
RM141EL,RM14 1EL,RM14 1EL,198001,,0,557765,187578,1,E00011247,E13000002,E99999999,E09000016,E05013968,E40000003,E92000001,E12000007,E14001292,E30000234,E09000016,E65000001,E01002256,E02000481,E33034338,E38000255,E63011923,UN1,6B1,51.565015,0.274795,E37000051,,E23000001,28938,E54000029,London
BD109EW,BD10 9EW,BD10 9EW,200704,,0,418220,437157,1,E00053898,E11000006,E99999999,E08000032,E05001350,E40000012,E92000001,E12000003,E14001118,E30000018,E08000032,E65000001,E01010680,E02002201,E33011500,E38000232,E63007920,UN1,7A3,53.830374,-1.724662,E37000062,,E23000010,1393,E54000054,Bradford
EC3N3AB,EC3N 3AB,EC3N 3AB,198001,198112,1,533400,180900,8,E00190458,E13000001,E99999999,E09000001,E05009291,E40000003,E92000001,E12000007,E14001172,E30000234,E09000001,E65000001,E01032739,E02000001,E33028992,E38000255,E63012025,UN1,2D3,51.511288,-0.07903,E37000051,,E23000034,20391,E54000029,London
BT484AX,BT48 4AX,BT48 4AX,200607,200806,1,,,9,,,,,,,,,,,,N99999999,,,,,,,,99.999999,0,,,,0,,#N/A
M27 9QT,M27  9QT,M27 9QT,199405,,0,376510,402606,1,E00028787,E11000001,E99999999,E08000006,E05013032,E40000014,E92000001,E12000002,E14001598,E30000239,E08000006,E65000001,E01005693,E02001165,E33005416,E38000143,E63008325,UN1,6B2,53.519612,-2.355747,E37000015,,E23000005,17760,E54000057,Manchester
LS170BJ,LS17 0BJ,LS17 0BJ,198001,,0,430339,448436,1,E00141187,E99999999,E99999999,E06000065,E05014323,E40000012,E92000001,E12000003,E14001582,E30000214,E06000065,E65000001,E01027724,E02005781,E33013610,E38000241,E63007722,RSN1,1B2,53.931182,-1.539426,E37000058,,E23000009,21264,E54000051,Harrogate
SW170QT,SW17 0QT,SW17 0QT,200601,,0,526927,171320,1,E00023248,E13000001,E99999999,E09000032,E05014024,E40000003,E92000001,E12000007,E14001550,E30000234,E09000032,E65000001,E01004617,E02000956,E33030764,E38000245,E63012154,UN1,3A1,51.426682,-0.175694,E37000051,,E23000001,12245,E54000031,London
IP309DT,IP30 9DT,IP30 9DT,198001,,0,598877,263251,1,E00153146,E10000029,E58001449,E07000203,E05012597,E40000013,E92000001,E12000006,E14001146,E30000184,E07000203,E65000001,E01030051,E02006266,E33028475,E38000204,E63010436,RLN1,6B2,52.231544,0.910833,E37000052,,E23000025,22332,E54000068,Bury St Edmunds
B38 8SL,B38  8SL,B38 8SL,198001,,0,404624,279461,1,E00046224,E11000005,E99999999,E08000025,E05011148,E40000011,E92000001,E12000005,E14001097,E30000169,E08000025,E65000001,E01009116,E02001953,E33018177,E38000258,E63010038,UN1,5B1,52.413144,-1.933438,E37000012,,E23000014,22717,E54000055,Birmingham
BR4 9DH,BR4  9DH,BR4 9DH,198001,,0,540286,165083,1,E00003709,E13000002,E99999999,E09000006,E05013998,E40000003,E92000001,E12000007,E14001137,E30000234,E09000006,E65000001,E01000759,E02000160,E33032899,E38000244,E63012282,UN1,6A1,51.36749,0.013875,E37000051,,E23000001,27295,E54000030,London
SM3 8AE,SM3  8AE,SM3 8AE,201409,,0,524131,163908,1,E00020719,E13000002,E99999999,E09000029,E05013758,E40000003,E92000001,E12000007,E14001534,E30000234,E09000029,E65000001,E01004111,E02000855,E33036139,E38000245,E63012369,UN1,7D1,51.360686,-0.218479,E37000051,,E23000001,23943,E54000031,London
DL1 2NB,DL1  2NB,DL1 2NB,198001,198112,0,429500,515600,8,E00062061,E99999999,E99999999,E06000005,E05010424,E40000012,E92000001,E12000001,E14001190,E30000199,E06000005,E65000001,E01035187,E02007058,E33000430,E38000247,E63007428,UN1,7A2,54.53483,-1.545629,E37000034,,E23000008,126,E54000050,Darlington
AL8 7HR,AL8  7HR,AL8 7HR,198001,,0,523798,214066,1,E00121672,E10000015,E58000622,E07000241,E05011070,E40000013,E92000001,E12000006,E14001573,E30000272,E07000241,E65000001,E01023960,E02004982,E33027634,E38000049,E63011463,UN1,6B1,51.811534,-0.205589,E37000048,,E23000027,21489,E54000065,Stevenage and Welwyn Garden City
YO125NS,YO12 5NS,YO12 5NS,198001,,0,502535,487372,1,E00141747,E99999999,E99999999,E06000065,E05014274,E40000012,E92000001,E12000003,E14001461,E30000259,E06000065,E65000001,E01027824,E02005803,E33010278,E38000241,E63007514,UF1,8C2,54.271746,-0.426993,E37000058,,E23000009,6442,E54000051,Scarborough
LN8 2AR,LN8  2AR,LN8 2AR,199612,,0,496640,389346,1,E00134130,E10000019,E58000935,E07000142,E05009643,E40000011,E92000001,E12000004,E14001243,E30000231,E07000142,E65000001,E01026399,E02005496,E33017038,E38000238,E63999999,RSN1,1C1,53.392138,-0.548249,E37000060,,E23000020,19331,E54000013,Lincoln
YO124QN,YO12 4QN,YO12 4QN,198001,,0,501830,483519,1,E00141934,E99999999,E99999999,E06000065,E05014313,E40000012,E92000001,E12000003,E14001461,E30000259,E06000065,E65000001,E01027860,E02005806,E33013774,E38000241,E63007532,RLF1,1B1,54.237272,-0.439122,E37000058,,E23000009,20635,E54000051,Scarborough
DG8 7DX,DG8  7DX,DG8 7DX,198001,,0,251444,556666,1,S00147175,S99999999,S99999999,S12000006,S13002881,S99999999,S92000003,S99999999,S14000073,S22000072,S30000016,S99999999,S01015194,S02002814,S34000785,S03000005,,6,1A3,54.882617,-4.317236,S99999999,S99999999,S23000009,2897,S99999999,Newton Stewart
W1V 6QD,W1V  6QD,W1V 6QD,198001,198412,1,529600,181200,8,E00175194,E13000001,E99999999,E09000033,E05013808,E40000003,E92000001,E12000007,E14001172,E30000234,E09000033,E65000001,E01004763,E02000972,E33032007,E38000256,E63012036,UN1,2B2,51.514868,-0.133648,E37000051,,E23000001,11768,E54000071,London
PL4 7AZ,PL4  7AZ,PL4 7AZ,198001,,0,249006,55905,1,E00075951,E99999999,E99999999,E06000026,E05002079,E40000006,E92000001,E12000009,E14001427,E30000253,E06000026,E65000001,E01015031,E02003144,E33047932,E38000230,E63014082,UN1,2A3,50.383586,-4.125238,E37000016,,E23000035,12003,E54000037,Plymouth
MK4 4PF,MK4  4PF,MK4 4PF,202310,,0,482189,233204,1,E00183686,E99999999,E99999999,E06000042,E05009422,E40000013,E92000001,E12000008,E14001141,E30000243,E06000042,E65000001,E01033519,E02003486,E33040607,E38000249,E63010901,UN1,4A3,51.991225,-0.80443,E37000057,,E23000029,23231,E54000065,Milton Keynes
M41 7EN,M41  7EN,M41 7EN,199812,200108,1,376761,394675,1,E00031426,E11000001,E99999999,E08000009,E05015259,E40000014,E92000001,E12000002,E14001528,E30000239,E08000009,E65000001,E01006202,E02001267,E33002910,E38000187,E63008420,UN1,7A2,53.448337,-2.351372,E37000015,,E23000005,16453,E54000057,Manchester
BL1 4PU,BL1  4PU,BL1 4PU,198001,,0,369659,409961,1,E00024929,E11000001,E99999999,E08000001,E05014834,E40000014,E92000001,E12000002,E14001112,E30000239,E08000001,E65000001,E01004922,E02000998,E33004701,E38000016,E63008201,UN1,4A1,53.585366,-2.459787,E37000015,,E23000005,5170,E54000057,Manchester
OX9 2DU,OX9  2DU,OX9 2DU,198001,,0,470802,205426,1,E00146036,E10000025,E58002099,E07000179,E05009749,E40000005,E92000001,E12000008,E14001280,E30000250,E07000179,E65000001,E01028671,E02005960,E33043788,E38000136,E63011584,UN1,8D3,51.743078,-0.975918,E37000053,,E23000029,24891,E54000070,Oxford
B38 8HH,B38  8HH,B38 8HH,198001,,0,403436,277822,1,E00046191,E11000005,E99999999,E08000025,E05011148,E40000011,E92000001,E12000005,E14001097,E30000169,E08000025,E65000001,E01009112,E02001953,E33020465,E38000258,E63010038,UN1,6B1,52.398418,-1.950919,E37000012,,E23000014,8046,E54000055,Birmingham
N8  1ED,N8   1ED,N8 1ED,201212,201405,1,525304,183442,1,E00002660,E13000002,E99999999,E09000005,E05013503,E40000003,E92000001,E12000007,E14001435,E30000234,E09000005,E65000001,E01000550,E02000126,E33032748,E38000256,E63011958,UN1,3C1,51.535986,-0.19473,E37000051,,E23000001,6026,E54000071,London
W1U 1AJ,W1U  1AJ,W1U 1AJ,200010,200508,1,528442,181209,1,E00023845,E13000001,E99999999,E09000033,E05013808,E40000003,E92000001,E12000007,E14001172,E30000234,E09000033,E65000001,E01004714,E02000970,E33030936,E38000256,E63012036,UN1,2D3,51.515213,-0.150324,E37000051,,E23000001,24181,E54000071,London
TF1 4PL,TF1  4PL,TF1 4PL,198001,200006,0,367237,311888,1,E00071410,E99999999,E99999999,E06000020,E05015217,E40000011,E92000001,E12000005,E14001543,E30000278,E06000020,E65000001,E01014143,E02002936,E33021522,E38000257,E63009565,UN1,4A1,52.703679,-2.486304,E37000036,,E23000016,6842,E54000011,Telford
SP101TQ,SP10 1TQ,SP10 1TQ,199806,200009,1,436630,145760,8,E00117905,E10000014,E58001781,E07000093,E05012930,E40000005,E92000001,E12000008,E14001403,E30000159,E07000093,E65000001,E01023202,E02007078,E33042530,E38000266,E63012816,UN1,7A2,51.209873,-1.476993,E37000046,,E23000030,8965,E54000067,Andover
SK126PD,SK12 6PD,SK12 6PD,198001,199612,0,406591,380591,1,E00099764,E10000007,E58001870,E07000037,E05010627,E40000011,E92000001,E12000004,E14001287,E30000185,E07000037,E65000001,E01019718,E02006872,E33018045,E38000261,E63008599,RLF1,8A1,53.322219,-1.902514,E37000045,,E23000018,19781,E54000058,Buxton
IG1 2AD,IG1  2AD,IG1 2AD,198001,200803,0,543409,186120,1,E00185780,E13000002,E99999999,E09000026,E05011247,E40000003,E92000001,E12000007,E14001301,E30000234,E09000026,E65000001,E01034483,E02000782,E33031896,E38000255,E63011927,UN1,3B1,51.555743,0.06723,E37000051,,E23000001,8420,E54000029,London
WC1E7AU,WC1E 7AU,WC1E 7AU,198001,,0,529625,181953,1,E00004196,E13000001,E99999999,E09000007,E05013653,E40000003,E92000001,E12000007,E14001290,E30000234,E09000007,E65000001,E01000850,E02000191,E33033074,E38000240,E63011985,UN1,2D3,51.52163,-0.133011,E37000051,,E23000001,19686,E54000071,London
BT473DX,BT47 3DX,BT47 3DX,198412,,0,255608,421157,1,N20001460,N99999999,N99999999,N09000004,N08000421,N99999999,N92000002,N99999999,N05000006,N12000006,N09000004,N99999999,N21000339,N99999999,N19001261,ZC050,N99999999,,1A1,55.034708,-7.131066,N99999999,N99999999,N23000001,290,N99999999,Derry
L18 5HS,L18  5HS,L18 5HS,198001,,0,339698,387831,1,E00033427,E11000002,E99999999,E08000012,E05015318,E40000014,E92000001,E12000002,E14001337,E30000233,E08000012,E65000001,E01006596,E02001395,E33006416,E38000101,E63008477,UN1,5A2,53.383882,-2.908059,E37000022,,E23000004,18828,E54000008,Liverpool
NR352TL,NR35 2TL,NR35 2TL,198001,,0,632101,288890,1,E00136791,E10000020,E58000964,E07000149,E05012851,E40000013,E92000001,E12000006,E14001569,E30000235,E07000149,E65000001,E01026894,E02005608,E33028242,E38000239,E63009992,RSF1,1C2,52.448654,1.414168,E37000052,,E23000024,11841,E54000068,Lowestoft
PA7 5AT,PA7  5AT,PA7 5AT,198001,,0,243982,670636,1,S00172179,S99999999,S99999999,S12000038,S13003085,S99999999,S92000003,S99999999,S14000101,S22000065,S30000021,S99999999,S01019534,S02003613,S34004047,S03000020,,2,5B3,55.903465,-4.49714,S99999999,S99999999,S23000009,6716,S99999999,Glasgow
E13 9GF,E13  9GF,E13 9GF,201905,,0,541518,183470,1,E00182383,E13000001,E99999999,E09000025,E05013905,E40000003,E92000001,E12000007,E14001213,E30000234,E09000025,E65000001,E01003489,E02000732,E33035547,E38000255,E63012003,UN1,3B2,51.532408,0.038908,E37000051,,E23000001,6119,E54000029,London
SE9 4HN,SE9  4HN,SE9 4HN,198001,,0,542508,172115,1,E00003811,E13000002,E99999999,E09000006,E05014000,E40000003,E92000001,E12000007,E14001223,E30000234,E09000006,E65000001,E01000781,E02000127,E33032752,E38000244,E63012282,UN1,4A3,51.430126,0.048593,E37000051,,E23000001,5113,E54000030,London
BS6 5AL,BS6  5AL,BS6 5AL,198001,,0,359130,175184,1,E00074111,E99999999,E99999999,E06000023,E05010885,E40000006,E92000001,E12000009,E14001131,E30000180,E06000023,E65000001,E01014671,E02003031,E33047392,E38000222,E63012168,UN1,5A3,51.474131,-2.589842,E37000037,,E23000036,16268,E54000039,Bristol
BB9 7PG,BB9  7PG,BB9 7PG,198001,,0,385960,438263,1,E00127829,E10000017,E58000754,E07000122,E05013203,E40000014,E92000001,E12000002,E14001422,E30000182,E07000122,E65000001,E01025182,E02005248,E33008448,E38000050,E63007840,UN1,4B2,53.840437,-2.214853,E37000019,,E23000003,1410,E54000048,Burnley
N1  8RQ,N1   8RQ,N1 8RQ,198001,,0,531990,183913,1,E00013973,E13000001,E99999999,E09000019,E05013710,E40000003,E92000001,E12000007,E14001306,E30000234,E09000019,E65000001,E01002799,E02000571,E33034752,E38000240,E63011980,UN1,3D3,51.538696,-0.098208,E37000051,,E23000001,6972,E54000071,London
IP288NQ,IP28 8NQ,IP28 8NQ,200705,,0,570372,270111,1,E00183326,E10000029,E58001433,E07000245,E05015577,E40000013,E92000001,E12000006,E14001578,E30000135,E07000245,E65000001,E01034567,E02006242,E33028353,E38000204,E63010308,RLN1,4A2,52.302709,0.497346,E37000052,,E23000025,24236,E54000068,Thetford and Mildenhall
PO4 8GD,PO4  8GD,PO4 8GD,200511,201001,0,467187,100267,1,E00086351,E99999999,E99999999,E06000044,E05002450,E40000005,E92000001,E12000008,E14001432,E30000254,E06000044,E65000001,E01017100,E02003540,E33040899,E38000137,E63013748,UN1,5A3,50.798069,-1.048009,E37000055,,E23000030,16619,E54000067,Portsmouth
NE108LB,NE10 8LB,NE10 8LB,198001,,0,429107,560517,1,E00042013,E11000007,E99999999,E08000037,E05001084,E40000012,E92000001,E12000001,E14001307,E30000245,E08000037,E65000001,E01008282,E02001696,E33000893,E38000212,E63007200,UN1,8C3,54.938486,-1.547229,E37000025,,E23000007,4803,E54000050,Newcastle
BT448NG,BT44 8NG,BT44 8NG,198412,,0,296935,404009,1,N20002838,N99999999,N99999999,N09000009,N08000939,N99999999,N92000002,N99999999,N05000010,N12000001,N09000009,N99999999,N21000637,N99999999,N19001432,ZC020,N99999999,,1A1,54.87276,-6.491208,N99999999,N99999999,N23000001,510,N99999999,Ballymena
